,chainId,dexId,baseToken,baseTokenAddress,quoteToken,quoteTokenAddress,pairAddress,liquidity,priceNative,priceUsd,ccxt,ccxt_ticker
0,bsc,pancakeswap,WBNB,0xbb4CdB9CBd36B01bD1cBaEBF2De08d9173bc095c,USDT,0x55d398326f99059fF775485246999027B3197955,0x16b9a82891338f9bA80E2D6970FddA79D1eb0daE,"{""usd"":121690188.89270122,""base"":237541,""quote"":60845094}",313.2379,313.23,312.7,BNB
1,arbitrum,uniswap,WETH,0x82aF49447D8a07e3bd95BD0d56f35241523fBab1,USDC,0xFF970A61A04b1cA14834A43f5dE4533eBDDB5CC8,0xC31E54c7a869B9FcBEcc14363CF510d1c41fa443,"{""usd"":15980362,""base"":6858.66,""quote"":7432377}",1586.6169,1586.61,1588.4,ETH
2,polygon,uniswap,WMATIC,0x0d500B1d8E8eF31E21C99d1Db9A6444d3ADf1270,USDC,0x2791Bca1f2de4661ED88A30C99A7a9449Aa84174,0xA374094527e1673A86dE625aa59517c5dE346d32,"{""usd"":7037957,""base"":7028722,""quote"":1579534}",1.1155,1.11,1.11,MATIC
3,ethereum,uniswap,WETH,0xC02aaA39b223FE8D0A0e5C4F27eAD9083C756Cc2,USDC,0xA0b86991c6218b36c1d19D4a2e9Eb0cE3606eB48,0x88e6A0c2dDD26FEEb64F039a2c41296FcB3f5640,"{""usd"":201035441,""base"":97037,""quote"":80075812}",1587.9972,1587.99,1588.4,ETH
4,polygon,uniswap,WETH,0x7ceB23fD6bC0adD59E62ac25578270cFf1b9f619,USDC,0x2791Bca1f2de4661ED88A30C99A7a9449Aa84174,0x45dDa9cb7c25131DF268515131f647d726f50608,"{""usd"":9164990,""base"":3824.5,""quote"":4393613}",1587.2193,1587.21,1588.4,ETH
5,bsc,biswap,WBNB,0xbb4CdB9CBd36B01bD1cBaEBF2De08d9173bc095c,BUSD,0xe9e7CEA3DedcA5984780Bafc599bD69ADd087D56,0xaCAac9311b0096E04Dfe96b6D87dec867d3883Dc,"{""usd"":30605115.946569614,""base"":59789,""quote"":15302558}",313.1712,313.17,312.7,BNB
6,bsc,apeswap,WBNB,0xbb4CdB9CBd36B01bD1cBaEBF2De08d9173bc095c,BUSD,0xe9e7CEA3DedcA5984780Bafc599bD69ADd087D56,0x51e6D27FA57373d8d4C256231241053a70Cb1d93,"{""usd"":1467012.496885862,""base"":2863.65,""quote"":733506}",313.2823,313.28,312.7,BNB
7,optimism,uniswap,ETH,0x4200000000000000000000000000000000000006,USDC,0x7F5c764cBc14f9669B88837ca1490cCa17c31607,0x85149247691df622eaF1a8Bd0CaFd40BC45154a9,"{""usd"":6052277,""base"":2562.96,""quote"":2856714}",1586.5135,1586.51,1588.4,ETH
8,polygon,quickswap,WMATIC,0x0d500B1d8E8eF31E21C99d1Db9A6444d3ADf1270,USDC,0x2791Bca1f2de4661ED88A30C99A7a9449Aa84174,0x6e7a5FAFcec6BB1e78bAE2A1F0B612012BF14827,"{""usd"":3373374.900842,""base"":2176298,""quote"":1686687}",1.1123,1.11,1.11,MATIC
9,bsc,pancakeswap,ETH,0x2170Ed0880ac9A755fd29B2688956BD959F933F8,WBNB,0xbb4CdB9CBd36B01bD1cBaEBF2De08d9173bc095c,0x74E4716E431f45807DCF19f284c7aA99F18a4fbc,"{""usd"":45388690.11482948,""base"":18183,""quote"":88609}",5.0723,1585.68,1588.4,ETH
10,arbitrum,sushiswap,WETH,0x82aF49447D8a07e3bd95BD0d56f35241523fBab1,USDC,0xFF970A61A04b1cA14834A43f5dE4533eBDDB5CC8,0x905dfCD5649217c42684f23958568e533C711Aa3,"{""usd"":22442812.61182,""base"":8981.39,""quote"":11221406}",1580.5728,1580.57,1588.4,ETH
11,optimism,velodrome,ETH,0x4200000000000000000000000000000000000006,USDC,0x7F5c764cBc14f9669B88837ca1490cCa17c31607,0x79c912FEF520be002c2B6e57EC4324e260f38E50,"{""usd"":1888699.477658,""base"":756.88,""quote"":944350}",1587.7869,1587.26,1588.4,ETH
12,polygon,uniswap,WBTC,0x1BFD67037B42Cf73acF2047067bd4F2C47D9BfD6,USDC,0x2791Bca1f2de4661ED88A30C99A7a9449Aa84174,0xeEF1A9507B3D505f0062f2be9453981255b503c8,"{""usd"":701812,""base"":20.96,""quote"":350243}",23075.8102,23075.81,23110.84,BTC
13,heco,mdex,ETH,0x64FF637fB478863B7468bc97D30a5bF3A428a1fD,WHT,0x5545153CCFcA01fbd7Dd11C0b23ba694D9509A6F,0x53E458aD1CFEB9582736db6BdE9aF89948e3bc3d,"{""usd"":106904.90554717075,""base"":42.83,""quote"":11821}",307.8096,1588.37,1588.4,ETH
14,arbitrum,kyberswap,WETH,0x82aF49447D8a07e3bd95BD0d56f35241523fBab1,USDC,0xFF970A61A04b1cA14834A43f5dE4533eBDDB5CC8,0x26333Db71B82e2DF33d1C11158470B73E3d27072,"{""usd"":431811.81057,""base"":130.79,""quote"":215906}",1588.9528,1588.95,1588.4,ETH
15,polygon,quickswap,WETH,0x7ceB23fD6bC0adD59E62ac25578270cFf1b9f619,WMATIC,0x0d500B1d8E8eF31E21C99d1Db9A6444d3ADf1270,0x479e1B71A702a595e19b6d5932CD5c863ab57ee0,"{""usd"":4110875.6477007563,""base"":699.72,""quote"":2652089}",1422.133,1586.01,1588.4,ETH
16,bsc,pancakeswap,BTCB,0x7130d2A12B9BCbFAe4f2634d864A1Ee1Ce3Ead9c,WBNB,0xbb4CdB9CBd36B01bD1cBaEBF2De08d9173bc095c,0x61EB789d75A95CAa3fF50ed7E47b96c132fEc082,"{""usd"":49690197.76681817,""base"":1479.81,""quote"":97020}",73.8571,23073.91,23110.84,BTC
17,polygon,quickswap,WBTC,0x1BFD67037B42Cf73acF2047067bd4F2C47D9BfD6,miMATIC,0xa3Fa99A148fA48D14Ed51d610c367C61876997F1,0x4183DB4a5A1A3612B17459BA4e072aa59F302E89,"{""usd"":191362.48701789218,""base"":7.37,""quote"":95681}",23281.2051,23281.2,23110.84,BTC
18,bsc,0x71539D09D3890195dDa87A6198B98B75211b72F3,WBNB,0xbb4CdB9CBd36B01bD1cBaEBF2De08d9173bc095c,BUSD,0xe9e7CEA3DedcA5984780Bafc599bD69ADd087D56,0xdC8a61ED63671fD7FeFB392bA4b35935fB27cd77,"{""usd"":316883.0944437139,""base"":618.86,""quote"":158466}",311.513,311.51,312.7,BNB
19,aptos,aux,WETH,0xcc8a89c8dce9693d354449f1f73e60e14e347417854f029db5bc8e7454008abb::coin::T,USDC,0x5e156f1207d0ebfa19a9eeff00d62a282278fb8719f4fab3a586a0a2c0fffbea::coin::T,aux-0xcc8a89c8dce9693d354449f1f73e60e14e347417854f029db5bc8e7454008abb-coin-t-0x5e156f1207d0ebfa19a9eeff00d62a282278fb8719f4fab3a586a0a2c0fffbea-coin-t,"{""usd"":4467255,""base"":1789,""quote"":2233628}",1589.3753,1589.37,1588.4,ETH
20,bsc,biswap,MATIC,0xCC42724C6683B7E57334c4E856f4c9965ED682bD,WBNB,0xbb4CdB9CBd36B01bD1cBaEBF2De08d9173bc095c,0x3B09e13Ca9189FBD6a196cfE5FbD477C885afBf3,"{""usd"":1335221.3544413468,""base"":860149,""quote"":2607.13}",0.003571,1.11,1.11,MATIC
21,astar,arthswap,WETH,0x81ECac0D6Be0550A00FF064a4f9dd2400585FE9c,WASTR,0xAeaaf0e2c81Af264101B9129C00F4440cCF0F720,0x87988EbDE7E661F44eB3a586C5E0cEAB533a2d9C,"{""usd"":1065452,""base"":430.1,""quote"":13518145}",27740.2315,1590.05,1588.4,ETH
22,bsc,apeswap,MATIC,0xCC42724C6683B7E57334c4E856f4c9965ED682bD,WBNB,0xbb4CdB9CBd36B01bD1cBaEBF2De08d9173bc095c,0x29A4A3D77c010CE100A45831BF7e798f0f0B325D,"{""usd"":272376.8408561702,""base"":175169,""quote"":531.57}",0.003568,1.11,1.11,MATIC
23,fantom,beethovenx,MATIC,0x40DF1Ae6074C35047BFF66675488Aa2f9f6384F3,BNB,0xD67de0e0a0Fd7b15dC8348Bb9BE742F3c5850454,0xf941ea85b73fd24a615e9ee17eb42946981ed4ee0001000000000000000005e9-0x40DF1Ae6074C35047BFF66675488Aa2f9f6384F3-0xD67de0e0a0Fd7b15dC8348Bb9BE742F3c5850454,"{""usd"":59904,""base"":38135,""quote"":116.6}",0.003544,1.1,1.11,MATIC
24,ethereum,balancer,MATIC,0x7D1AfA7B718fb893dB30A3aBc0Cfc608AaCfeBB0,WETH,0xC02aaA39b223FE8D0A0e5C4F27eAD9083C756Cc2,0xa02e4b3d18d4e6b8d18ac421fbc3dfff8933c40a00020000000000000000004b-0x7D1AfA7B718fb893dB30A3aBc0Cfc608AaCfeBB0-0xC02aaA39b223FE8D0A0e5C4F27eAD9083C756Cc2,"{""usd"":65284,""base"":41946,""quote"":26.14}",0.0006922,1.09,1.11,MATIC
25,ethereum,balancer,CRV,0xD533a949740bb3306d119CC777fa900bA034cd52,WETH,0xC02aaA39b223FE8D0A0e5C4F27eAD9083C756Cc2,0x769432a08426d25f8f99a1af16db23ce41cad784000100000000000000000304-0xC02aaA39b223FE8D0A0e5C4F27eAD9083C756Cc2-0xD533a949740bb3306d119CC777fa900bA034cd52,"{""usd"":104569,""base"":97741,""quote"":41.97}",0.0006383,1.0,1.02,CRV
26,bsc,0x738B815eaDD06E0041b52B0C9d4F0d0D277B24bA,BTCB,0x7130d2A12B9BCbFAe4f2634d864A1Ee1Ce3Ead9c,DAO,0xc096332CAacF00319703558988aD03eC6586e704,0x37924e3D522f936422587c7a03EB7773583258cd,"{""usd"":140940.81312285396,""base"":4.16,""quote"":63687}",20722.125,23112.23,23110.84,BTC
27,ethereum,defiswap,WETH,0xC02aaA39b223FE8D0A0e5C4F27eAD9083C756Cc2,DAI,0x6B175474E89094C44Da98b954EedeAC495271d0F,0x60A26d69263eF43e9a68964bA141263F19D71D51,"{""usd"":114831,""base"":45.88,""quote"":57416}",1588.6113,1588.61,1588.4,ETH
28,ethereum,0xBAe5dc9B19004883d0377419FeF3c2C8832d7d7B,WETH,0xC02aaA39b223FE8D0A0e5C4F27eAD9083C756Cc2,USDC,0xA0b86991c6218b36c1d19D4a2e9Eb0cE3606eB48,0x6B0cc136F7BABd971B5dECd21690BE65718990E2,"{""usd"":95992,""base"":38.37,""quote"":47996}",1584.2182,1584.21,1588.4,ETH
29,arbitrum,balancer,WETH,0x82aF49447D8a07e3bd95BD0d56f35241523fBab1,USDC,0xFF970A61A04b1cA14834A43f5dE4533eBDDB5CC8,0x64541216bafffeec8ea535bb71fbc927831d0595000100000000000000000002-0x82aF49447D8a07e3bd95BD0d56f35241523fBab1-0xFF970A61A04b1cA14834A43f5dE4533eBDDB5CC8,"{""usd"":1818398,""base"":728.1,""quote"":909199}",1589.5403,1589.54,1588.4,ETH
30,bsc,mdex,WBNB,0xbb4CdB9CBd36B01bD1cBaEBF2De08d9173bc095c,USDT,0x55d398326f99059fF775485246999027B3197955,0x09CB618bf5eF305FadfD2C8fc0C26EeCf8c6D5fd,"{""usd"":8888769.964323493,""base"":17352,""quote"":4444385}",313.1383,313.13,312.7,BNB
31,arbitrum,uniswap,WBTC,0x2f2a2543B76A4166549F7aaB2e75Bef0aefC5B0f,WETH,0x82aF49447D8a07e3bd95BD0d56f35241523fBab1,0x2f5e87C9312fa29aed5c179E456625D79015299c,"{""usd"":2004095,""base"":78.99,""quote"":543.7}",14.5176,23043.21,23110.84,BTC
32,bsc,nomiswap,WBNB,0xbb4CdB9CBd36B01bD1cBaEBF2De08d9173bc095c,USDT,0x55d398326f99059fF775485246999027B3197955,0xe2Bbf54Dc0ccDD0Cf6270f2aF2f62FF79903Bb27,"{""usd"":1600203.7045841264,""base"":3127.02,""quote"":800102}",312.3522,312.35,312.7,BNB
33,polygon,uniswap,LINK,0x53E0bca35eC356BD5ddDFebbD1Fc0fD03FaBad39,WETH,0x7ceB23fD6bC0adD59E62ac25578270cFf1b9f619,0x3e31AB7f37c048FC6574189135D108df80F0ea26,"{""usd"":541129,""base"":81380,""quote"":69.47}",0.004418,7.01,6.988,LINK
34,polygon,kyberswap,WMATIC,0x0d500B1d8E8eF31E21C99d1Db9A6444d3ADf1270,USDC,0x2791Bca1f2de4661ED88A30C99A7a9449Aa84174,0x50FEEdF7fB2F511112287091819F21eb0F3Ce498,"{""usd"":114242.281172,""base"":346809,""quote"":57121}",1.1168,1.11,1.11,MATIC
35,fantom,spookyswap,MATIC,0x40DF1Ae6074C35047BFF66675488Aa2f9f6384F3,WFTM,0x21be370D5312f44cB42ce377BC9b8a0cEF1A4C83,0x7051C6F0C1F1437498505521a3bD949654923fE1,"{""usd"":274132.8052586336,""base"":175510,""quote"":630648}",2.2471,1.13,1.11,MATIC
36,gnosischain,swapr,WETH,0x6A023CCd1ff6F2045C3309768eAd9E68F978f6e1,WXDAI,0xe91D153E0b41518A2Ce8Dd3D7944Fa863463a97d,0x1865d5445010E0baf8Be2eB410d3Eae4A68683c2,"{""usd"":2623850,""base"":1052,""quote"":1314651}",1590.7725,1595.01,1588.4,ETH
37,bsc,0x3265CdE5843e02E35c45C4b9352d3C1c4a542Ff4,WBNB,0xbb4CdB9CBd36B01bD1cBaEBF2De08d9173bc095c,USDT,0x55d398326f99059fF775485246999027B3197955,0xe2266166B8d1b0961A908E1276e7FeA9e7D64b56,"{""usd"":66630.94581997277,""base"":130.01,""quote"":33315}",311.913,311.91,312.7,BNB
38,bsc,safemoonswap,WBNB,0xbb4CdB9CBd36B01bD1cBaEBF2De08d9173bc095c,BUSD,0xe9e7CEA3DedcA5984780Bafc599bD69ADd087D56,0x8ebac098F23bd1951715Ecba4F21f06cFa61D9f9,"{""usd"":50583.43300111011,""base"":98.44,""quote"":25292}",312.3893,312.38,312.7,BNB
39,bsc,apeswap,ETH,0x2170Ed0880ac9A755fd29B2688956BD959F933F8,FRUIT,0xaDd14CA8E026c4555933D12b568b1310968503a2,0x154c7293b0a705aA5723e698514514CBB5a19238,"{""usd"":64882.881273720435,""base"":25.51,""quote"":1027627}",98501.9019,1579.5,1588.4,ETH
40,bsc,pancakeswap,WMATIC,0xc836d8dC361E44DbE64c4862D55BA041F88Ddd39,BUSD,0xe9e7CEA3DedcA5984780Bafc599bD69ADd087D56,0xfE76f3B2161103A59B92a0f9Ffdae7CadC2a6d8C,"{""usd"":1418337.4952956182,""base"":912635,""quote"":709169}",1.1165,1.11,1.11,MATIC
41,bsc,swych,WBNB,0xbb4CdB9CBd36B01bD1cBaEBF2De08d9173bc095c,BUSD,0xe9e7CEA3DedcA5984780Bafc599bD69ADd087D56,0x180847F66b604cFeDec47C7105762bE0C0123d66,"{""usd"":894785.463649938,""base"":1748.27,""quote"":447393}",312.8467,312.84,312.7,BNB
42,moonriver,solarbeam,ETH,0x639A647fbe20b6c8ac19E48E2de44ea792c62c5C,WMOVR,0x98878B06940aE243284CA214f92Bb71a2b032B8A,0x0d171b55fC8d3BDDF17E376FdB2d90485f900888,"{""usd"":584613,""base"":234.1,""quote"":46925}",186.5952,1587.14,1588.4,ETH
43,bsc,bakeryswap,WBNB,0xbb4CdB9CBd36B01bD1cBaEBF2De08d9173bc095c,BUSD,0xe9e7CEA3DedcA5984780Bafc599bD69ADd087D56,0x559e3D9611E9cB8a77c11335Bdac49621382188B,"{""usd"":127056.18126622087,""base"":248.16,""quote"":63528}",311.8264,311.82,312.7,BNB
44,polygon,0x54F454D747e037Da288dB568D4121117EAb34e79,WMATIC,0x0d500B1d8E8eF31E21C99d1Db9A6444d3ADf1270,FRAX,0x45c32fA6DF82ead1e2EF74d17b76547EDdFaFF89,0xA964b92C690f0B8efad5B46a278A84bD0EF8AC01,"{""usd"":866434.9575369622,""base"":556886,""quote"":433217}",1.1149,1.11,1.11,MATIC
45,ethereum,uniswap,UNI,0x1f9840a85d5aF5bf1D1762F925BDADdC4201F984,WETH,0xC02aaA39b223FE8D0A0e5C4F27eAD9083C756Cc2,0xd3d2E2692501A5c9Ca623199D38826e513033a17,"{""usd"":9137218,""base"":859501,""quote"":3658}",0.004143,6.59,6.592,UNI
46,bsc,0xC2D8d27F3196D9989aBf366230a47384010440c0,ETH,0x2170Ed0880ac9A755fd29B2688956BD959F933F8,BETH,0x250632378E573c6Be1AC2f97Fcdf00515d0Aa91B,0x4eB3A271A42Bfa2d47fFD5947f503067ed6093cF,"{""usd"":116056.42901118346,""base"":45.64,""quote"":47.26}",1.0173,1578.7,1588.4,ETH
47,bsc,0x2c34577F8c582Ec919DCe9f5E94Cf1e83A814A1a,WBNB,0xbb4CdB9CBd36B01bD1cBaEBF2De08d9173bc095c,BUSD,0xe9e7CEA3DedcA5984780Bafc599bD69ADd087D56,0x59344dCB5c1478865fc9CC16F7195C0FD876DcDC,"{""usd"":102895.89140828473,""base"":197.15,""quote"":51448}",309.4801,309.48,312.7,BNB
48,bsc,pancakeswap,LINK,0xF8A0BF9cF54Bb92F17374d9e9A321E6a111a51bD,WBNB,0xbb4CdB9CBd36B01bD1cBaEBF2De08d9173bc095c,0x824eb9faDFb377394430d2744fa7C42916DE3eCe,"{""usd"":8137085.94433468,""base"":725585,""quote"":15883}",0.02245,7.01,6.988,LINK
49,ethereum,uniswap,LINK,0x514910771AF9Ca656af840dff83E8264EcF986CA,WETH,0xC02aaA39b223FE8D0A0e5C4F27eAD9083C756Cc2,0xa6Cc3C2531FdaA6Ae1A3CA84c2855806728693e8,"{""usd"":18560729,""base"":2360675,""quote"":4256}",0.004405,7.0,6.988,LINK
50,bsc,sushiswap,WBNB,0xbb4CdB9CBd36B01bD1cBaEBF2De08d9173bc095c,USDT,0x55d398326f99059fF775485246999027B3197955,0x2905817b020fD35D9d09672946362b62766f0d69,"{""usd"":52828.72476871162,""base"":103.07,""quote"":26414}",311.559,311.55,312.7,BNB
51,fantom,spookyswap,CRV,0x1E4F97b9f9F913c46F1632781732927B9019C68b,WFTM,0x21be370D5312f44cB42ce377BC9b8a0cEF1A4C83,0xB471Ac6eF617e952b84C6a9fF5de65A9da96C93B,"{""usd"":596381.9009342251,""base"":560064,""quote"":1373636}",2.082,1.04,1.02,CRV
52,fantom,sushiswap,ETH,0x74b23882a30290451A17c44f4F05243b6b58C76d,WFTM,0x21be370D5312f44cB42ce377BC9b8a0cEF1A4C83,0x3d0BD54c48C2C433ea6fed609Cc3d5Fb7A77622B,"{""usd"":225747.11767606455,""base"":90.4,""quote"":521148}",3134.5829,1566.21,1588.4,ETH
53,ethereum,shibaswap,WETH,0xC02aaA39b223FE8D0A0e5C4F27eAD9083C756Cc2,USDT,0xdAC17F958D2ee523a2206206994597C13D831ec7,0x703b120F15Ab77B986a24c6f9262364d02f9432f,"{""usd"":490892,""base"":196.4,""quote"":245446}",1590.792,1590.79,1588.4,ETH
54,cronos,mmfinance,WETH,0xe44Fd7fCb2b1581822D0c862B68222998a0c299a,WCRO,0x5C7F8A570d578ED84E63fdFA7b1eE72dEae1AE23,0x019d9479606FBDd4aCB16488e0aAE49E4684322b,"{""usd"":326073,""base"":130.7,""quote"":2778754}",20087.4806,1589.57,1588.4,ETH
55,cronos,vvsfinance,WETH,0xe44Fd7fCb2b1581822D0c862B68222998a0c299a,USDC,0xc21223249CA28397B4B6541dfFaEcC539BfF0c59,0xfd0Cd0C651569D1e2e3c768AC0FFDAB3C8F4844f,"{""usd"":60582,""base"":24.2,""quote"":30291}",1584.4286,1584.42,1588.4,ETH
56,metis,hermesprotocol,WETH,0x420000000000000000000000000000000000000A,m.USDC,0xEA32A96608495e54156Ae48931A7c20f0dcc1a21,0xEfFEC28996aAff6D55B6D108a46446d45C3a2E71,"{""usd"":527795,""base"":212,""quote"":263898}",1587.814,1587.81,1588.4,ETH
57,polygon,balancer,WETH,0x7ceB23fD6bC0adD59E62ac25578270cFf1b9f619,WMATIC,0x0d500B1d8E8eF31E21C99d1Db9A6444d3ADf1270,0x0297e37f1873d2dab4487aa67cd56b58e2f27875000100000000000000000002-0x0d500B1d8E8eF31E21C99d1Db9A6444d3ADf1270-0x7ceB23fD6bC0adD59E62ac25578270cFf1b9f619,"{""usd"":1242752,""base"":497.9,""quote"":800515}",1424.8858,1589.47,1588.4,ETH
58,godwoken,yokaiswap,ETH,0x9E858A7aAEDf9FDB1026Ab1f77f627be2791e98A,YOK,0x885fb612947ccF1C7611894Bd828D388b046fc24,0xBCBc8F5261397A34C83264F81E3df790bEBD8eeB,"{""usd"":140899,""base"":57.5,""quote"":27712004}",443783.664,1568.52,1588.4,ETH
59,bsc,babydogeswap,WBNB,0xbb4CdB9CBd36B01bD1cBaEBF2De08d9173bc095c,USDT,0x55d398326f99059fF775485246999027B3197955,0x2C3d4c9966A466ed6BC434aFba8EA3C96EE35c86,"{""usd"":2776607.5378611693,""base"":5416.65,""quote"":1388304}",312.3399,312.33,312.7,BNB
60,polygon,dfyn,WBTC,0x1BFD67037B42Cf73acF2047067bd4F2C47D9BfD6,USDC,0x2791Bca1f2de4661ED88A30C99A7a9449Aa84174,0xC0ab47B79bC66F98e5C9eE5FF386a7150D3F4174,"{""usd"":64216.271202,""base"":1.91,""quote"":32108}",22992.0197,22992.01,23110.84,BTC
61,polygon,balancer,WBTC,0x1BFD67037B42Cf73acF2047067bd4F2C47D9BfD6,USDC,0x2791Bca1f2de4661ED88A30C99A7a9449Aa84174,0x03cd191f589d12b0582a99808cf19851e468e6b500010000000000000000000a-0x1BFD67037B42Cf73acF2047067bd4F2C47D9BfD6-0x2791Bca1f2de4661ED88A30C99A7a9449Aa84174,"{""usd"":769290,""base"":22.88,""quote"":384538}",23053.2804,23053.28,23110.84,BTC
62,arbitrum,0x8374A74A728f06bEa6B7259C68AA7BBB732bfeaD,WETH,0x82aF49447D8a07e3bd95BD0d56f35241523fBab1,FRAX,0x17FC002b466eEc40DaE837Fc4bE5c67993ddBd6F,0x0BB5A573886bbcecf18590b6Cb59E980FAC7d278,"{""usd"":1016641.5213289598,""base"":406.21,""quote"":508321}",1593.0327,1593.03,1588.4,ETH
63,polygon,dfyn,WMATIC,0x4c28f48448720e9000907BC2611F73022fdcE1fA,USDC,0x2791Bca1f2de4661ED88A30C99A7a9449Aa84174,0x4f5dF10B9991482bCD2DB19DAE1FD0e0184397c2,"{""usd"":255081.371596,""base"":164158,""quote"":127541}",1.1158,1.11,1.11,MATIC
64,bsc,biswap,LINK,0xF8A0BF9cF54Bb92F17374d9e9A321E6a111a51bD,WBNB,0xbb4CdB9CBd36B01bD1cBaEBF2De08d9173bc095c,0x16Fe21c91c426E603977b1C6EcD59Fc510a518C2,"{""usd"":1972873.834127104,""base"":176076,""quote"":3854.77}",0.02243,7.01,6.988,LINK
65,bsc,mdex,UNI,0xBf5140A22578168FD562DCcF235E5D43A02ce9B1,BUSD,0xe9e7CEA3DedcA5984780Bafc599bD69ADd087D56,0x72F1d53B2E4bDE565fE54AF13697857e71193dDf,"{""usd"":1126750.6823921744,""base"":105964,""quote"":563375}",6.5423,6.54,6.592,UNI
66,velas,wagyuswap,ETH,0x85219708c49aa701871Ad330A94EA0f41dFf24Ca,WVLX,0xc579D1f3CF86749E05CD06f7ADe17856c2CE3126,0x7c3F1eA99770aa23Fe1b19097c93BB0cF34C8351,"{""usd"":193732,""base"":78.29,""quote"":4611152}",54111.0695,1589.99,1588.4,ETH
67,celo,sushiswap,WETH,0x122013fd7dF1C6F636a5bb8f03108E876548b455,cUSD,0x765DE816845861e75A25fCA122bb6898B8B1282a,0x93887e0fA9F6C375b2765a6fE885593F16f077f9,"{""usd"":97627.94211684809,""base"":39.17,""quote"":48814}",1587.5065,1587.5,1588.4,ETH
68,fantom,beethovenx,LINK,0xb3654dc3D10Ea7645f8319668E8F54d2574FBdC8,WFTM,0x21be370D5312f44cB42ce377BC9b8a0cEF1A4C83,0xdf02adb3cd587da89af29e58de70b840e49490250001000000000000000005b8-0x21be370D5312f44cB42ce377BC9b8a0cEF1A4C83-0xb3654dc3D10Ea7645f8319668E8F54d2574FBdC8,"{""usd"":64656,""base"":5543,""quote"":141797}",14.1809,7.14,6.988,LINK
69,fantom,beethovenx,ETH,0x74b23882a30290451A17c44f4F05243b6b58C76d,BUSD,0xC931f61B1534EB21D8c11B24f3f5Ab2471d4aB50,0x9368872291fcc35095fa5ea7c5b1179cf717749f0001000000000000000005ef-0x74b23882a30290451A17c44f4F05243b6b58C76d-0xC931f61B1534EB21D8c11B24f3f5Ab2471d4aB50,"{""usd"":75803,""base"":19.91,""quote"":50609}",0.0,0.0,1588.4,ETH
70,optimism,beethovenx,WETH,0x4200000000000000000000000000000000000006,USDC,0x7F5c764cBc14f9669B88837ca1490cCa17c31607,0x39965c9dab5448482cf7e002f583c812ceb53046000100000000000000000003-0x4200000000000000000000000000000000000006-0x7F5c764cBc14f9669B88837ca1490cCa17c31607,"{""usd"":51759,""base"":27.71,""quote"":17262}",1570.9602,1570.96,1588.4,ETH
71,fantom,beethovenx,CRV,0x1E4F97b9f9F913c46F1632781732927B9019C68b,ETH,0x74b23882a30290451A17c44f4F05243b6b58C76d,0xdf02adb3cd587da89af29e58de70b840e49490250001000000000000000005b8-0x1E4F97b9f9F913c46F1632781732927B9019C68b-0x74b23882a30290451A17c44f4F05243b6b58C76d,"{""usd"":102436,""base"":59056,""quote"":56.71}",0.0006481,1.05,1.02,CRV
72,aurora,polaris,WBTC,0xF4eB217Ba2454613b15dBdea6e5f22276410e89e,USDC.e,0xB12BFcA5A55806AaF64E99521918A4bf0fC40802,0xb3a04902b78fbe61185b766866193630db4db8a300020000000000000000000d-0xB12BFcA5A55806AaF64E99521918A4bf0fC40802-0xF4eB217Ba2454613b15dBdea6e5f22276410e89e,"{""usd"":114016,""base"":3.411,""quote"":57008}",23014.9233,23014.92,23110.84,BTC
73,boba,oolongswap,AVAX,0xfA9343C3897324496A05fC75abeD6bAC29f8A40f,WETH,0xDeadDeAddeAddEAddeadDEaDDEAdDeaDDeAD0000,0x0e971c131BBb7347016fB24FC4B3F93f894f3E61,"{""usd"":86684,""base"":3688,""quote"":34.06}",0.01248,19.56,19.97,AVAX
74,elastos,glidefinance,ETH,0x802c3e839E4fDb10aF583E3E759239ec7703501e,WELA,0x517E9e5d46C1EA8aB6f78677d6114Ef47F71f6c4,0xa86883c2405f4557D2242Df47b220C54d0D611e4,"{""usd"":84157.14512162741,""base"":33.8,""quote"":51152}",1623.6759,1605.38,1588.4,ETH
75,polygon,apeswap,BNB,0xA649325Aa7C5093d12D6F98EB4378deAe68CE23F,WMATIC,0x0d500B1d8E8eF31E21C99d1Db9A6444d3ADf1270,0x0359001070cF696D5993E0697335157a6f7dB289,"{""usd"":396412.1433696997,""base"":774.82,""quote"":255531}",280.5585,312.68,312.7,BNB
76,ethereum,balancer,WBTC,0x2260FAC5E5542a773Aa44fBCfeDf7C193bc2C599,COMP,0xc00e94Cb662C3520282E6f5717214004A7f26888,0x344818b9b4cfec947fe8ccbea65b3605585c2c71000100000000000000000404-0x2260FAC5E5542a773Aa44fBCfeDf7C193bc2C599-0xc00e94Cb662C3520282E6f5717214004A7f26888,"{""usd"":342651,""base"":13.42,""quote"":3379}",441.6036,22815.22,23110.84,BTC
77,ethereum,0x5FA0060FcfEa35B31F7A5f6025F0fF399b98Edf1,WETH,0xC02aaA39b223FE8D0A0e5C4F27eAD9083C756Cc2,USDT,0xdAC17F958D2ee523a2206206994597C13D831ec7,0x6855859BeA41A682707c4Aa98424A734515da111,"{""usd"":64259,""base"":25.49,""quote"":32130}",1612.8626,1612.86,1588.4,ETH
78,ethereum,shibaswap,UNI,0x1f9840a85d5aF5bf1D1762F925BDADdC4201F984,WETH,0xC02aaA39b223FE8D0A0e5C4F27eAD9083C756Cc2,0x9d406c4067A53f65DE1A8A9273D55bfEA5870a75,"{""usd"":50534,""base"":4557,""quote"":19.91}",0.004131,6.49,6.592,UNI
79,ethereum,uniswap,WBTC,0x2260FAC5E5542a773Aa44fBCfeDf7C193bc2C599,USDC,0xA0b86991c6218b36c1d19D4a2e9Eb0cE3606eB48,0xCBFB0745b8489973Bf7b334d54fdBd573Df7eF3c,"{""usd"":708068,""base"":27.54,""quote"":244361}",22884.2932,22884.29,23110.84,BTC
80,polygon,uniswap,UNI,0xb33EaAd8d922B1083446DC23f610c2567fB5180f,WMATIC,0x0d500B1d8E8eF31E21C99d1Db9A6444d3ADf1270,0x7f9121B4f4E040fd066e9Dc5C250Cf9B4338D5BC,"{""usd"":136994,""base"":14644,""quote"":76498}",5.8974,6.57,6.592,UNI
81,fantom,protofi,ETH,0x74b23882a30290451A17c44f4F05243b6b58C76d,USDC,0x04068DA6C83AFCFA0e13ba15A6696662335D5B75,0x2592F9A13F1B7C6Ff5E4E53bDa139807ec52a981,"{""usd"":241112.818054,""base"":96.54,""quote"":120556}",1584.6191,1584.61,1588.4,ETH
82,bsc,0xFF6ad8728C0aa5215FeFae3459D46B90a37b9546,ETH,0x2170Ed0880ac9A755fd29B2688956BD959F933F8,CC,0xb7fbFf4Ce5200215c690cc95855e5d6C5236Ee9f,0x0677FB47b0AB26E3d4FB8805dAd986171640D0a2,"{""usd"":75010.93868417908,""base"":29.58,""quote"":2864624}",109904.7314,1586.68,1588.4,ETH
83,ethereum,unknown,WETH,0xC02aaA39b223FE8D0A0e5C4F27eAD9083C756Cc2,USDC,0xA0b86991c6218b36c1d19D4a2e9Eb0cE3606eB48,0xcD452c162dA7761f08F656B8e5eDe3A385981378,"{""usd"":1985004,""base"":792.6,""quote"":992502}",1582.7275,1582.72,1588.4,ETH
84,bsc,pancakeswap,AVAX,0x1CE0c2827e2eF14D5C4f29a091d735A204794041,WBNB,0xbb4CdB9CBd36B01bD1cBaEBF2De08d9173bc095c,0x151268db1579ebC5306D4aAa5DCC627646E6986F,"{""usd"":107821.72202071463,""base"":4657.35,""quote"":210.46}",0.06362,19.86,19.97,AVAX
85,aptos,liquidswap,WETH,0xf22bede237a07e121b56d91a491eb7bcdfd1f5907926a9e58338f964a01b17fa::asset::WETH,USDC,0xf22bede237a07e121b56d91a491eb7bcdfd1f5907926a9e58338f964a01b17fa::asset::USDC,liquidswap-1490,"{""usd"":1038193,""base"":415.5,""quote"":519097}",1587.8003,1587.8,1588.4,ETH
86,bsc,nomiswap,MATIC,0xCC42724C6683B7E57334c4E856f4c9965ED682bD,USDT,0x55d398326f99059fF775485246999027B3197955,0x996B28Dda11381466C9e410D0b63a313a0f31c6B,"{""usd"":115534.58257687971,""base"":74376,""quote"":57767}",1.1161,1.11,1.11,MATIC
87,bsc,planetfinance,ETH,0x2170Ed0880ac9A755fd29B2688956BD959F933F8,WBNB,0xbb4CdB9CBd36B01bD1cBaEBF2De08d9173bc095c,0x1820E39d1bE8Bf90fe45B097503613E557F5DFDF,"{""usd"":251317.00262657256,""base"":100.75,""quote"":490.88}",5.0619,1575.97,1588.4,ETH
88,bsc,0x71539D09D3890195dDa87A6198B98B75211b72F3,BTCB,0x7130d2A12B9BCbFAe4f2634d864A1Ee1Ce3Ead9c,WBNB,0xbb4CdB9CBd36B01bD1cBaEBF2De08d9173bc095c,0x5e8F4c86C3BB2f4070ad570776574034Ac19e0e7,"{""usd"":583435.3974914756,""base"":17.39,""quote"":1139.36}",73.9223,23088.26,23110.84,BTC
89,polygon,sushiswap,WETH,0x7ceB23fD6bC0adD59E62ac25578270cFf1b9f619,DAI,0x8f3Cf7ad23Cd3CaDbD9735AFf958023239c6A063,0x6FF62bfb8c12109E8000935A6De54daD83a4f39f,"{""usd"":598032.4253920547,""base"":239.9,""quote"":299016}",1595.4323,1595.43,1588.4,ETH
90,avalanche,traderjoe,WMATIC,0xf2f13f0B7008ab2FA4A2418F4ccC3684E49D20Eb,USDC.e,0xA7D7079b0FEaD91F3e65f86E8915Cb59c1a4C664,0xC0294fAfdeE273F4d8D01db52cc0c65102bc081F,"{""usd"":1173755,""base"":755281,""quote"":586877}",1.1138,1.11,1.11,MATIC
91,fantom,equalizer,ETH,0x74b23882a30290451A17c44f4F05243b6b58C76d,WFTM,0x21be370D5312f44cB42ce377BC9b8a0cEF1A4C83,0xE3bD349BDb8203C15426b2d273f57568E658F843,"{""usd"":224992.06681235562,""base"":89.76,""quote"":517360}",3121.1491,1583.21,1588.4,ETH
92,milkomedacardano,milkyswap,WETH,0x81ECac0D6Be0550A00FF064a4f9dd2400585FE9c,WADA,0xAE83571000aF4499798d1e3b0fA0070EB3A3E3F9,0x7c0Fb8aEbe55f2b6E913A6021C48b8C060fEc4eD,"{""usd"":57245,""base"":22.93,""quote"":105851}",4034.8953,1573.21,1588.4,ETH
93,osmosis,osmosis,WBNB,ibc/F4A070A6D78496D53127EA85C094A9EC87DFC1F36071B8CCDDBD020F933D213D,OSMO,uosmo,840,"{""usd"":490887,""base"":960.3,""quote"":345649}",320.6484,312.29,312.7,BNB
94,ethereum,sushiswap,WETH,0xC02aaA39b223FE8D0A0e5C4F27eAD9083C756Cc2,DAI,0x6B175474E89094C44Da98b954EedeAC495271d0F,0xC3D03e4F041Fd4cD388c549Ee2A29a9E5075882f,"{""usd"":6631146,""base"":2652,""quote"":3315573}",1587.5476,1587.54,1588.4,ETH
95,polygon,balancer,WMATIC,0x0d500B1d8E8eF31E21C99d1Db9A6444d3ADf1270,USDC,0x2791Bca1f2de4661ED88A30C99A7a9449Aa84174,0xd208168d2a512240eb82582205d94a0710bce4e7000100000000000000000038-0x0d500B1d8E8eF31E21C99d1Db9A6444d3ADf1270-0x2791Bca1f2de4661ED88A30C99A7a9449Aa84174,"{""usd"":93845,""base"":60481,""quote"":46919}",1.1128,1.11,1.11,MATIC
96,avalanchedfk,defikingdoms,ETH,0xfBDF0E31808d0aa7b9509AA6aBC9754E48C58852,CRYSTAL,0x04b9dA42306B023f3572e106B11D82aAd9D32EBb,0x78C893E262e2681Dbd6B6eBA6CCA2AaD45de19AD,"{""usd"":298746,""base"":120.1,""quote"":1716560}",15493.5808,1603.34,1588.4,ETH
97,ethereum,uniswap,CRV,0xD533a949740bb3306d119CC777fa900bA034cd52,WETH,0xC02aaA39b223FE8D0A0e5C4F27eAD9083C756Cc2,0x919Fa96e88d67499339577Fa202345436bcDaf79,"{""usd"":526639,""base"":654350,""quote"":144.2}",0.0006412,1.02,1.02,CRV
98,bsc,0xC7a506ab3ac668EAb6bF9eCf971433D6CFeF05D9,BTCB,0x7130d2A12B9BCbFAe4f2634d864A1Ee1Ce3Ead9c,WBNB,0xbb4CdB9CBd36B01bD1cBaEBF2De08d9173bc095c,0xfb83B3525F937B33c6EcE4038DfA792fCee2Aa78,"{""usd"":86746.58300514297,""base"":2.58,""quote"":169.37}",73.962,23072.3,23110.84,BTC
99,polygon,0xBE087BeD88539d28664c9998FE3f180ea7b9749C,WETH,0x7ceB23fD6bC0adD59E62ac25578270cFf1b9f619,USDC,0x2791Bca1f2de4661ED88A30C99A7a9449Aa84174,0x30890d1a43e74edbFb2340FdAEB5B49DFD7F3360,"{""usd"":54442.357462,""base"":21.77,""quote"":27221}",1590.7474,1590.74,1588.4,ETH
100,polygon,balancer,LINK,0x53E0bca35eC356BD5ddDFebbD1Fc0fD03FaBad39,AAVE,0xD6DF932A45C0f255f85145f286eA0b292B21C90B,0xce66904b68f1f070332cbc631de7ee98b650b499000100000000000000000009-0x53E0bca35eC356BD5ddDFebbD1Fc0fD03FaBad39-0xD6DF932A45C0f255f85145f286eA0b292B21C90B,"{""usd"":141973,""base"":12667,""quote"":1296}",0.08556,6.92,6.988,LINK
101,kcc,mojitoswap,CRV,0x4500E16dA66b99e0C55D7B46EBBD59bc413BA171,WKCS,0x4446Fc4eb47f2f6586f9fAAb68B3498F86C07521,0x27032cA70a9F37Dc7391E2ec5f75011637cc8e03,"{""usd"":97108,""base"":90784,""quote"":7322}",0.1245,1.02,1.02,CRV
102,aptos,pancakeswap,WETH,0xf22bede237a07e121b56d91a491eb7bcdfd1f5907926a9e58338f964a01b17fa::asset::WETH,USDC,0xf22bede237a07e121b56d91a491eb7bcdfd1f5907926a9e58338f964a01b17fa::asset::USDC,pcs-141,"{""usd"":3824240,""base"":1530,""quote"":1912120}",1591.2466,1591.24,1588.4,ETH
103,arbitrumnova,sushiswap,WETH,0x722E8BdD2ce80A4422E880164f2079488e115365,USDC,0x750ba8b76187092B0D1E87E28daaf484d1b5273b,0x26d96cfC6DF8262b1bb327a2df0eDE02FDfC8874,"{""usd"":195076,""base"":78.88,""quote"":97538}",1578.3198,1578.31,1588.4,ETH
104,polygon,sushiswap,WMATIC,0x0d500B1d8E8eF31E21C99d1Db9A6444d3ADf1270,USDC,0x2791Bca1f2de4661ED88A30C99A7a9449Aa84174,0xcd353F79d9FADe311fC3119B841e1f456b54e858,"{""usd"":356184.392422,""base"":229817,""quote"":178092}",1.1176,1.11,1.11,MATIC
105,fantom,spookyswap,ETH,0x74b23882a30290451A17c44f4F05243b6b58C76d,WFTM,0x21be370D5312f44cB42ce377BC9b8a0cEF1A4C83,0xf0702249F4D3A25cD3DED7859a165693685Ab577,"{""usd"":3995559.2035078416,""base"":1597.55,""quote"":9193878}",3132.808,1586.15,1588.4,ETH
106,bsc,0x3657952d7bA5A0A4799809b5B6fdfF9ec5B46293,WBNB,0xbb4CdB9CBd36B01bD1cBaEBF2De08d9173bc095c,BUSD,0xe9e7CEA3DedcA5984780Bafc599bD69ADd087D56,0xCf643C4B9DBf42239aa00e23A0570c90d517E6dC,"{""usd"":61768.028279102386,""base"":120.48,""quote"":30884}",312.8855,312.88,312.7,BNB
107,polygon,quickswap,LINK,0x53E0bca35eC356BD5ddDFebbD1Fc0fD03FaBad39,WETH,0x7ceB23fD6bC0adD59E62ac25578270cFf1b9f619,0x5cA6CA6c3709E1E6CFe74a50Cf6B2B6BA2Dadd67,"{""usd"":287570.61878185347,""base"":25630,""quote"":115.03}",0.004389,6.97,6.988,LINK
108,cronos,mmfinance,WBTC,0x062E66477Faf219F25D27dCED647BF57C3107d52,WCRO,0x5C7F8A570d578ED84E63fdFA7b1eE72dEae1AE23,0x5383202D48C24aAA19873366168f2Ed558a00ff0,"{""usd"":213428,""base"":6.373,""quote"":1817561}",291700.2522,23045.52,23110.84,BTC
109,fantom,wigoswap,ETH,0x74b23882a30290451A17c44f4F05243b6b58C76d,WFTM,0x21be370D5312f44cB42ce377BC9b8a0cEF1A4C83,0x9B82CF433bEa2671Ea024A5c7066DE0c3292AdE6,"{""usd"":103206.05026365846,""base"":41.29,""quote"":237984}",3133.0934,1588.85,1588.4,ETH
110,metis,netswap,BNB,0x2692BE44A6E38B698731fDDf417d060f0d20A0cB,Metis,0xDeadDeAddeAddEAddeadDEaDDEAdDeaDDeAD0000,0xD8fF1c29204256c506098470143896ba2f54CFAd,"{""usd"":127663,""base"":250.4,""quote"":3813}",9.0925,317.82,312.7,BNB
111,milkomedacardano,muesliswap,WBTC,0x6aB6d61428fde76768D7b45D8BFeec19c6eF91A8,WADA,0xAE83571000aF4499798d1e3b0fA0070EB3A3E3F9,0xaDbaBAf06c98785f09482F41Cf862edBE7889160,"{""usd"":51937,""base"":1.555,""quote"":96358}",58698.7688,22961.42,23110.84,BTC
112,arbitrum,sushiswap,WBTC,0x2f2a2543B76A4166549F7aaB2e75Bef0aefC5B0f,WETH,0x82aF49447D8a07e3bd95BD0d56f35241523fBab1,0x515e252b2b5c22b4b2b6Df66c2eBeeA871AA4d69,"{""usd"":1114039.8237623447,""base"":33.16,""quote"":445.82}",14.5995,23253.83,23110.84,BTC
113,bsc,mdex,ETH,0x2170Ed0880ac9A755fd29B2688956BD959F933F8,USDT,0x55d398326f99059fF775485246999027B3197955,0x0FB881c078434b1C0E4d0B64d8c64d12078b7Ce2,"{""usd"":3709783.0025901846,""base"":1484.03,""quote"":1854892}",1589.0096,1589.0,1588.4,ETH
114,fantom,spiritswap,ETH,0x74b23882a30290451A17c44f4F05243b6b58C76d,WFTM,0x21be370D5312f44cB42ce377BC9b8a0cEF1A4C83,0x613BF4E46b4817015c01c6Bb31C7ae9edAadc26e,"{""usd"":252508.47790865393,""base"":101.19,""quote"":583358}",3141.3386,1596.14,1588.4,ETH
115,fuse,voltagefinance,WETH,0xa722c13135930332Eb3d749B2F0906559D2C5b99,WFUSE,0x0BE9e53fd7EDaC9F859882AfdDa116645287C629,0x7Fe1A61E4FE983D275cb5669072A9d1dee9Bd45C,"{""usd"":249736.81370828426,""base"":100.07,""quote"":2083406}",22589.2537,1577.12,1588.4,ETH
116,polygon,dfyn,WETH,0x7ceB23fD6bC0adD59E62ac25578270cFf1b9f619,WMATIC,0x4c28f48448720e9000907BC2611F73022fdcE1fA,0xC3379226AEeF21464d05676305dad1261D6F3FAC,"{""usd"":348656.22865331464,""base"":139.8,""quote"":224378}",1421.5487,1582.84,1588.4,ETH
117,fantom,beethovenx,AVAX,0x511D35c52a3C244E7b8bd92c0C297755FbD89212,WFTM,0x21be370D5312f44cB42ce377BC9b8a0cEF1A4C83,0x65411827ef78f08f6559acf91de3a4f5a26d785c0001000000000000000004c6-0x21be370D5312f44cB42ce377BC9b8a0cEF1A4C83-0x511D35c52a3C244E7b8bd92c0C297755FbD89212,"{""usd"":89042,""base"":3748,""quote"":196157}",39.7863,20.18,19.97,AVAX
118,arbitrum,traderjoe,WBTC,0x2f2a2543B76A4166549F7aaB2e75Bef0aefC5B0f,USDC,0xFF970A61A04b1cA14834A43f5dE4533eBDDB5CC8,0x805600Dc8aD916D221e635da6731e357845D32f9,"{""usd"":57352,""base"":2.428,""quote"":16567}",22436.9426,22436.94,23110.84,BTC
119,polygon,apeswap,WETH,0x7ceB23fD6bC0adD59E62ac25578270cFf1b9f619,WMATIC,0x0d500B1d8E8eF31E21C99d1Db9A6444d3ADf1270,0x6Cf8654e85AB489cA7e70189046D507ebA233613,"{""usd"":1892992.6426550888,""base"":759.36,""quote"":1220177}",1428.6328,1590.81,1588.4,ETH
120,ethereum,uniswap,MATIC,0x7D1AfA7B718fb893dB30A3aBc0Cfc608AaCfeBB0,WETH,0xC02aaA39b223FE8D0A0e5C4F27eAD9083C756Cc2,0x819f3450dA6f110BA6Ea52195B3beaFa246062dE,"{""usd"":945115,""base"":608503,""quote"":378.3}",0.0006976,1.11,1.11,MATIC
121,bsc,0xE52cCf7B6cE4817449F2E6fA7efD7B567803E4b4,ETH,0x2170Ed0880ac9A755fd29B2688956BD959F933F8,ORN,0xe4CA1F75ECA6214393fCE1C1b316C237664EaA8e,0x70E2A2A6c00cAaD4Eb7e8D600B5c62e85ab0A642,"{""usd"":388230.50088985113,""base"":155.54,""quote"":258642}",1678.4467,1584.79,1588.4,ETH
122,bsc,babyswap,AVAX,0x1CE0c2827e2eF14D5C4f29a091d735A204794041,USDT,0x55d398326f99059fF775485246999027B3197955,0x74c4DA0DAca1A9e52Faec732d96BC7dEA9FB3ac1,"{""usd"":286965.30298941577,""base"":12458,""quote"":143483}",19.8019,19.8,19.97,AVAX
123,bsc,biswap,BTCB,0x7130d2A12B9BCbFAe4f2634d864A1Ee1Ce3Ead9c,USDT,0x55d398326f99059fF775485246999027B3197955,0xa987f0b7098585c735cD943ee07544a84e923d1D,"{""usd"":8080401.815448198,""base"":240.68,""quote"":4040201}",23090.7936,23090.79,23110.84,BTC
124,arbitrum,sushiswap,LINK,0xf97f4df75117a78c1A5a0DBb814Af92458539FB4,WETH,0x82aF49447D8a07e3bd95BD0d56f35241523fBab1,0x7050A8908E2a60899D8788015148241f0993a3FD,"{""usd"":78936.63284953013,""base"":7034.31,""quote"":31.58}",0.004386,6.95,6.988,LINK
125,gnosischain,honeyswap,WBTC,0x8e5bBbb09Ed1ebdE8674Cda39A0c169401db4252,WETH,0x6A023CCd1ff6F2045C3309768eAd9E68F978f6e1,0xb3011007ebBb56C791eAEbF87Fe035190b8dbE62,"{""usd"":68819,""base"":2.053,""quote"":27.56}",14.545,23201.83,23110.84,BTC
126,conflux,swappi,WBTC,0x1F545487c62e5ACfEa45dcAdd9c627361d1616D8,USDT,0xfe97E85d13ABD9c1c33384E796F10B73905637cE,0x9B2e43277238d4C6a9534CAA84cf80cB076810eA,"{""usd"":484985,""base"":14.46,""quote"":242492}",23081.9394,23081.93,23110.84,BTC
127,ethereum,balancer,LINK,0x514910771AF9Ca656af840dff83E8264EcF986CA,WETH,0xC02aaA39b223FE8D0A0e5C4F27eAD9083C756Cc2,0xe99481dc77691d8e2456e5f3f61c1810adfc1503000200000000000000000018-0x514910771AF9Ca656af840dff83E8264EcF986CA-0xC02aaA39b223FE8D0A0e5C4F27eAD9083C756Cc2,"{""usd"":1254610,""base"":111714,""quote"":502.1}",0.004401,6.92,6.988,LINK
128,boba,oolongswap,WBTC,0xdc0486f8bf31DF57a952bcd3c1d3e166e3d9eC8b,WETH,0xDeadDeAddeAddEAddeadDEaDDEAdDeaDDeAD0000,0xeef227ECccec2213f80bB92CB648b0ddbAAB00AB,"{""usd"":85239,""base"":2.527,""quote"":33.82}",14.5969,23145.82,23110.84,BTC
129,ethereum,pancakeswap,WETH,0xC02aaA39b223FE8D0A0e5C4F27eAD9083C756Cc2,USDT,0xdAC17F958D2ee523a2206206994597C13D831ec7,0x17C1Ae82D99379240059940093762c5e4539aba5,"{""usd"":2509478,""base"":1004,""quote"":1254739}",1585.5885,1585.58,1588.4,ETH
130,optimism,uniswap,WBTC,0x68f180fcCe6836688e9084f035309E29Bf0A2095,ETH,0x4200000000000000000000000000000000000006,0x85C31FFA3706d1cce9d525a00f1C7D4A2911754c,"{""usd"":84105,""base"":3.86,""quote"":15.41}",14.5497,23098.99,23110.84,BTC
131,bsc,biswap,UNI,0xBf5140A22578168FD562DCcF235E5D43A02ce9B1,WBNB,0xbb4CdB9CBd36B01bD1cBaEBF2De08d9173bc095c,0x153dC2eBcB551799b13D4E6Ff84fC34C7AEDf241,"{""usd"":2009764.0765569261,""base"":189154,""quote"":3924.29}",0.02101,6.56,6.592,UNI
132,ethereum,0x4eef5746ED22A2fD368629C1852365bf5dcb79f1,WETH,0xC02aaA39b223FE8D0A0e5C4F27eAD9083C756Cc2,USDT,0xdAC17F958D2ee523a2206206994597C13D831ec7,0x3Af7A58D54cf014675aF2B7EBc222C3166BF5692,"{""usd"":240749,""base"":96.36,""quote"":120374}",1590.0418,1590.04,1588.4,ETH
133,bsc,nomiswap,BTCB,0x7130d2A12B9BCbFAe4f2634d864A1Ee1Ce3Ead9c,WBNB,0xbb4CdB9CBd36B01bD1cBaEBF2De08d9173bc095c,0x36451A95D5a2F0C25530331F382E4D432CAecB17,"{""usd"":718388.7273576532,""base"":21.4,""quote"":1402.61}",74.0403,23125.01,23110.84,BTC
134,aurora,trisolaris,WETH,0xC9BdeEd33CD01541e1eeD10f90519d2C06Fe3feB,NEAR,0xC42C30aC6Cc15faC9bD938618BcaA1a1FaE8501d,0x63da4DB6Ef4e7C62168aB03982399F9588fCd198,"{""usd"":627678,""base"":251.8,""quote"":208885}",676.1332,1587.22,1588.4,ETH
135,milkomedacardano,muesliswap,AVAX,0x65e66a61D0a8F1e686C2D6083ad611a10D84D97A,WADA,0xAE83571000aF4499798d1e3b0fA0070EB3A3E3F9,0x172fe7FC5263f6ebAda9A58FFabEec68397995BD,"{""usd"":167050,""base"":7163,""quote"":308893}",51.2563,19.98,19.97,AVAX
136,ethereum,sushiswap,MATIC,0x7D1AfA7B718fb893dB30A3aBc0Cfc608AaCfeBB0,WETH,0xC02aaA39b223FE8D0A0e5C4F27eAD9083C756Cc2,0x7f8F7Dd53D1F3ac1052565e3ff451D7fE666a311,"{""usd"":72657,""base"":46723,""quote"":29.08}",0.000698,1.1,1.11,MATIC
137,arbitrum,uniswap,UNI,0xFa7F8980b0f1E64A2062791cc3b0871572f1F7f0,WETH,0x82aF49447D8a07e3bd95BD0d56f35241523fBab1,0xC24f7d8E51A64dc1238880BD00bb961D54cbeb29,"{""usd"":648892,""base"":96768,""quote"":107.19}",0.004149,6.59,6.592,UNI
138,fuse,voltagefinance,BNB,0x6acb34b1Df86E254b544189Ec32Cf737e2482058,fUSD,0x249BE57637D8B013Ad64785404b24aeBaE9B098B,0x0dF48369504825C16D3FC6a74842aEf3c91E90E6,"{""usd"":89002.31914611619,""base"":172.52,""quote"":44501}",310.1152,310.11,312.7,BNB
139,astar,arthswap,WBTC,0xad543f18cFf85c77E140E3E5E3c3392f6Ba9d5CA,WASTR,0xAeaaf0e2c81Af264101B9129C00F4440cCF0F720,0x61a49Ba86E168cD25cA795b07B0A93236BB25127,"{""usd"":253312,""base"":7.554,""quote"":3219249}",404517.321,23187.97,23110.84,BTC
140,kcc,mojitoswap,LINK,0x47841910329aaa6b88D5e9DcdE9000195151dc72,WKCS,0x4446Fc4eb47f2f6586f9fAAb68B3498F86C07521,0x2c44f11c2D73961d09197729aea9449c8c786049,"{""usd"":166995,""base"":14887,""quote"":12593}",0.8476,6.98,6.988,LINK
141,fantom,knightswap,ETH,0x74b23882a30290451A17c44f4F05243b6b58C76d,WFTM,0x21be370D5312f44cB42ce377BC9b8a0cEF1A4C83,0xbE612c02BeE4b9FEb6B38693510c6C2a2028866d,"{""usd"":60069.7140066794,""base"":24.03,""quote"":138486}",3128.8723,1587.58,1588.4,ETH
142,polygon,polycat,WMATIC,0x0d500B1d8E8eF31E21C99d1Db9A6444d3ADf1270,USDC,0x2791Bca1f2de4661ED88A30C99A7a9449Aa84174,0x8A4CEb4DffA238539C5d62Ce424980e8fdb21EBc,"{""usd"":56744.679216,""base"":36577,""quote"":28372}",1.1158,1.11,1.11,MATIC
143,dogechain,kibbleswap,ETH,0xB44a9B6905aF7c801311e8F4E76932ee959c663C,WWDOGE,0xB7ddC6414bf4F5515b52D8BdD69973Ae205ff101,0xb9a5f0cdF48054e101FD2d39b4F434c1ceD8B2Ec,"{""usd"":209940,""base"":83.88,""quote"":1472422}",17090.2678,1588.63,1588.4,ETH
144,arbitrum,uniswap,CRV,0x11cDb42B0EB46D95f990BeDD4695A6e3fA034978,WETH,0x82aF49447D8a07e3bd95BD0d56f35241523fBab1,0xBA80CEdE54Bf09f8160F7d6AD4a9d6ae3a9852d9,"{""usd"":375621,""base"":543598,""quote"":70.07}",0.0006426,1.02,1.02,CRV
145,bsc,jetswap,WBNB,0xbb4CdB9CBd36B01bD1cBaEBF2De08d9173bc095c,BUSD,0xe9e7CEA3DedcA5984780Bafc599bD69ADd087D56,0xc53eE6446101F2128f887b8c75083E74dca3e973,"{""usd"":113280.18229321745,""base"":221.19,""quote"":56640}",312.9094,312.9,312.7,BNB
146,kcc,mojitoswap,ETH,0xf55aF137A98607F7ED2eFEfA4cd2DfE70E4253b1,WKCS,0x4446Fc4eb47f2f6586f9fAAb68B3498F86C07521,0x1F1EC5bcb2cB2a892D34A85d3eCb4C7e167Ff630,"{""usd"":2390074,""base"":956.1,""quote"":180130}",192.4968,1585.6,1588.4,ETH
147,celo,ubeswap,WETH,0x66803FB87aBd4aaC3cbB3fAd7C3aa01f6F3FB207,CELO,0x471EcE3750Da237f93B8E339c536989b8978a438,0x5d60b9766530c4535BD753B1FDD7efEA400539BB,"{""usd"":154605.73102070374,""base"":61.92,""quote"":158649}",2210.0711,1606.91,1588.4,ETH
148,conflux,swappi,ETH,0xa47f43DE2f9623aCb395CA4905746496D2014d57,WCFX,0x14b2D3bC65e74DAE1030EAFd8ac30c533c976A9b,0x8ea70966e8F14337657BFF7f40cFB9648f79530b,"{""usd"":405760,""base"":163,""quote"":9033970}",28625.8967,1584.23,1588.4,ETH
149,bsc,babyswap,WBNB,0xbb4CdB9CBd36B01bD1cBaEBF2De08d9173bc095c,USDC,0x8AC76a51cc950d9822D68b83fE1Ad97B32Cd580d,0xBF83cA11aBC62447226F6b3566918d3594bA3803,"{""usd"":475719.43306847184,""base"":928.98,""quote"":237860}",312.2405,312.24,312.7,BNB
150,avalanche,traderjoe,BNB,0x264c1383EA520f73dd837F915ef3a732e204a493,WAVAX,0xB31f66AA3C1e785363F0875A1B74E27b85FD66c7,0xeb8eB6300c53C3AddBb7382Ff6c6FbC4165B0742,"{""usd"":131520,""base"":257.2,""quote"":5698}",15.6452,312.63,312.7,BNB
151,polygon,kyberswap,WETH,0x7ceB23fD6bC0adD59E62ac25578270cFf1b9f619,WMATIC,0x0d500B1d8E8eF31E21C99d1Db9A6444d3ADf1270,0xD10F0C5c9937DFB93C2942729a2aAA362aDB0ccF,"{""usd"":220617.3145675791,""base"":13.89,""quote"":142329}",1427.6807,1590.91,1588.4,ETH
152,bsc,0x1e895bFe59E3A5103e8B7dA3897d1F2391476f3c,WBNB,0xbb4CdB9CBd36B01bD1cBaEBF2De08d9173bc095c,USDC,0x8AC76a51cc950d9822D68b83fE1Ad97B32Cd580d,0x5f5d385397095AaED4daffe336F9815AC598DFf5,"{""usd"":407270.99735558964,""base"":804.46,""quote"":203635}",307.16,307.16,312.7,BNB
153,polygon,mmfinance,WMATIC,0x0d500B1d8E8eF31E21C99d1Db9A6444d3ADf1270,USDC,0x2791Bca1f2de4661ED88A30C99A7a9449Aa84174,0xb965c131f1C48d89B1760860b782D2aCDF87273b,"{""usd"":167695.736284,""base"":108108,""quote"":83848}",1.1124,1.11,1.11,MATIC
154,arbitrum,oreoswap,WETH,0x82aF49447D8a07e3bd95BD0d56f35241523fBab1,USDC,0xFF970A61A04b1cA14834A43f5dE4533eBDDB5CC8,0x9A8D82568cbe5CcABbFD7C6a44d00231aA547898,"{""usd"":131654.064588,""base"":52.9,""quote"":65827}",1612.2753,1612.27,1588.4,ETH
155,polygon,apeswap,WMATIC,0x0d500B1d8E8eF31E21C99d1Db9A6444d3ADf1270,DAI,0x8f3Cf7ad23Cd3CaDbD9735AFf958023239c6A063,0xd32f3139A214034A0f9777c87eE0a064c1FF6AE2,"{""usd"":1175936.320473301,""base"":757977,""quote"":587968}",1.1119,1.11,1.11,MATIC
156,polygon,sushiswap,WBTC,0x1BFD67037B42Cf73acF2047067bd4F2C47D9BfD6,WETH,0x7ceB23fD6bC0adD59E62ac25578270cFf1b9f619,0xE62Ec2e799305E0D367b0Cc3ee2CdA135bF89816,"{""usd"":521706.42875996896,""base"":15.47,""quote"":208.52}",14.5995,23135.6,23110.84,BTC
157,milkomedacardano,milkyswap,AVAX,0x65e66a61D0a8F1e686C2D6083ad611a10D84D97A,WADA,0xAE83571000aF4499798d1e3b0fA0070EB3A3E3F9,0x8D6a70271a09E646a55a6EDFa2c250d61e6ED4F8,"{""usd"":163365,""base"":7013,""quote"":302078}",51.0727,19.91,19.97,AVAX
158,bsc,apeswap,BTCB,0x7130d2A12B9BCbFAe4f2634d864A1Ee1Ce3Ead9c,WBNB,0xbb4CdB9CBd36B01bD1cBaEBF2De08d9173bc095c,0x1E1aFE9D9c5f290d8F6996dDB190bd111908A43D,"{""usd"":442954.3160610722,""base"":13.19,""quote"":864.59}",73.8703,23104.6,23110.84,BTC
159,aurora,trisolaris,WBTC,0xF4eB217Ba2454613b15dBdea6e5f22276410e89e,NEAR,0xC42C30aC6Cc15faC9bD938618BcaA1a1FaE8501d,0xbc8A244e8fb683ec1Fd6f88F3cc6E565082174Eb,"{""usd"":209834,""base"":6.256,""quote"":69830}",9847.2844,23078.31,23110.84,BTC
160,bsc,biswap,AVAX,0x1CE0c2827e2eF14D5C4f29a091d735A204794041,WBNB,0xbb4CdB9CBd36B01bD1cBaEBF2De08d9173bc095c,0x2f3899fFB9FdCf635132F7bb94c1a3A0F906cc6f,"{""usd"":330804.4000483537,""base"":14412,""quote"":647.05}",0.06416,20.06,19.97,AVAX
161,bsc,0x71f843BD057d2eE39AE52186a33c3aFD1124805A,WBNB,0xbb4CdB9CBd36B01bD1cBaEBF2De08d9173bc095c,BUSD,0xe9e7CEA3DedcA5984780Bafc599bD69ADd087D56,0x95cFe85b1732a9afb264EA1dF7f71bF7228cDE84,"{""usd"":439649.36230870517,""base"":858.43,""quote"":219825}",312.3484,312.34,312.7,BNB
162,bsc,0xf89e6CA06121B6d4370f4B196Ae458e8b969A011,WBNB,0xbb4CdB9CBd36B01bD1cBaEBF2De08d9173bc095c,FRAX,0x90C97F71E18723b0Cf0dfa30ee176Ab653E89F40,0x14732123c443f8E815D5c64f3C7ecb63bCeEab74,"{""usd"":322951.7751362312,""base"":629.34,""quote"":161476}",311.301,311.3,312.7,BNB
163,bsc,0x40383b3F58B699a4817040792995540F3279EFdB,WBNB,0xbb4CdB9CBd36B01bD1cBaEBF2De08d9173bc095c,BUSD,0xe9e7CEA3DedcA5984780Bafc599bD69ADd087D56,0x2a19226CEb4b186624fa046441D45EB0134808aD,"{""usd"":51848.268885097685,""base"":100.99,""quote"":25924}",312.3654,312.36,312.7,BNB
164,bsc,0x670f55c6284c629c23baE99F585e3f17E8b9FC31,ETH,0x2170Ed0880ac9A755fd29B2688956BD959F933F8,WBNB,0xbb4CdB9CBd36B01bD1cBaEBF2De08d9173bc095c,0x542B077f6a06b488A31B8C8b31E456F2B3984989,"{""usd"":51603.74495771281,""base"":20.68,""quote"":100.68}",5.0728,1584.07,1588.4,ETH
165,polygon,mmfinance,WETH,0x7ceB23fD6bC0adD59E62ac25578270cFf1b9f619,USDC,0x2791Bca1f2de4661ED88A30C99A7a9449Aa84174,0x8C26252B14F9b071585B81b240C4ae2176E8cD3C,"{""usd"":124390.861104,""base"":49.82,""quote"":62195}",1587.9206,1587.92,1588.4,ETH
166,fantom,wigoswap,CRV,0x1E4F97b9f9F913c46F1632781732927B9019C68b,WFTM,0x21be370D5312f44cB42ce377BC9b8a0cEF1A4C83,0xEDa9715BE52e8819f5C5a2305813A851e568dAFf,"{""usd"":50987.58968237931,""base"":47772,""quote"":117575}",2.0468,1.03,1.02,CRV
167,aptos,pancakeswap,BNB,0x8d87a65ba30e09357fa2edea2c80dbac296e5dec2b18287113500b902942929d::celer_coin_manager::BnbCoin,USDC,0x8d87a65ba30e09357fa2edea2c80dbac296e5dec2b18287113500b902942929d::celer_coin_manager::UsdcCoin,pcs-150,"{""usd"":1686645,""base"":3283,""quote"":843323}",312.1881,312.18,312.7,BNB
168,moonbeam,stellaswap,MATIC,0x3405A1bd46B85c5C029483FbECf2F3E611026e45,WGLMR,0xAcc15dC74880C9944775448304B263D191c6077F,0x6775ff3828a19EB5926C0C4D572183cA15Aa4C08,"{""usd"":79557,""base"":51132,""quote"":125261}",2.5003,1.11,1.11,MATIC
169,bsc,apeswap,AVAX,0x1CE0c2827e2eF14D5C4f29a091d735A204794041,WBNB,0xbb4CdB9CBd36B01bD1cBaEBF2De08d9173bc095c,0x40aFc7CBd0Dc2bE5860F0035b717d20Afb4827b2,"{""usd"":193988.1923272768,""base"":8406.95,""quote"":378.66}",0.06414,20.05,19.97,AVAX
170,bsc,nomiswap,ETH,0x2170Ed0880ac9A755fd29B2688956BD959F933F8,USDT,0x55d398326f99059fF775485246999027B3197955,0xe324aa41eeFd912421C601626A6D5F85CC346B6a,"{""usd"":427101.18417558324,""base"":171,""quote"":213551}",1583.3191,1583.31,1588.4,ETH
171,polygon,sushiswap,LINK,0x53E0bca35eC356BD5ddDFebbD1Fc0fD03FaBad39,WETH,0x7ceB23fD6bC0adD59E62ac25578270cFf1b9f619,0x74D23F21F780CA26B47Db16B0504F2e3832b9321,"{""usd"":236571.91403605102,""base"":21064,""quote"":94.6}",0.004393,6.98,6.988,LINK
172,metis,netswap,WETH,0x420000000000000000000000000000000000000A,Metis,0xDeadDeAddeAddEAddeadDEaDDEAdDeaDDeAD0000,0x59051B5F5172b69E66869048Dc69D35dB0B3610d,"{""usd"":543935,""base"":218.3,""quote"":16249}",45.6519,1590.59,1588.4,ETH
173,kcc,mojitoswap,UNI,0xEe58E4D62b10A92dB1089d4D040B759C28aE16Cd,WKCS,0x4446Fc4eb47f2f6586f9fAAb68B3498F86C07521,0x6699b73A444Aa4A4eA821cDc6571ADf7C6c2bEc7,"{""usd"":191131,""base"":17933,""quote"":14413}",0.7961,6.55,6.592,UNI
174,bsc,planetfinance,WBNB,0xbb4CdB9CBd36B01bD1cBaEBF2De08d9173bc095c,BUSD,0xe9e7CEA3DedcA5984780Bafc599bD69ADd087D56,0x89fD5DcF5D7C9FEbA8c8106A5Abc09325fC2a39e,"{""usd"":168190.6970772067,""base"":328.33,""quote"":84095}",311.4944,311.49,312.7,BNB
175,fantom,wigoswap,LINK,0xb3654dc3D10Ea7645f8319668E8F54d2574FBdC8,USDC,0x04068DA6C83AFCFA0e13ba15A6696662335D5B75,0xD9EE6DbDB17aFb313c5C2dBf55C71DEb906A72Ce,"{""usd"":56391.30796,""base"":5008.99,""quote"":28196}",6.9371,6.93,6.988,LINK
176,bsc,0xE52cCf7B6cE4817449F2E6fA7efD7B567803E4b4,WBNB,0xbb4CdB9CBd36B01bD1cBaEBF2De08d9173bc095c,USDT,0x55d398326f99059fF775485246999027B3197955,0x43140d439A685E2B369b34Ee31cACC429B1bB396,"{""usd"":361402.09256776643,""base"":705.1,""quote"":180701}",312.5029,312.5,312.7,BNB
177,boba,0xc35DADB65012eC5796536bD9864eD8773aBc74C4,WETH,0xDeadDeAddeAddEAddeadDEaDDEAdDeaDDeAD0000,USDC,0x66a2A913e447d6b4BF33EFbec43aAeF87890FBbc,0x4F059F8d45230Cd5B37544E87eeBba033A5f1b17,"{""usd"":781313,""base"":311.7,""quote"":390657}",1584.6755,1584.67,1588.4,ETH
178,bsc,apeswap,LINK,0xF8A0BF9cF54Bb92F17374d9e9A321E6a111a51bD,WBNB,0xbb4CdB9CBd36B01bD1cBaEBF2De08d9173bc095c,0x092ADA3818DB7FBb8e0A2124Ff218C5125C1CcE6,"{""usd"":128917.11946309608,""base"":11493,""quote"":251.8}",0.02255,7.05,6.988,LINK
179,oasisemerald,yuzuswap,WETH,0x3223f17957Ba502cbe71401D55A0DB26E5F7c68F,wROSE,0x21C718C22D52d0F3a789b752D4c2fD5908a8A733,0x28c9D3e689B5d3629aFC2D69ef6a2799578574e0,"{""usd"":412137,""base"":166.6,""quote"":5747480}",29690.9014,1588.15,1588.4,ETH
180,bsc,biswap,ETH,0x2170Ed0880ac9A755fd29B2688956BD959F933F8,BTCB,0x7130d2A12B9BCbFAe4f2634d864A1Ee1Ce3Ead9c,0x6216E04cd40DB2c6FBEd64f1B5830A98D3A91740,"{""usd"":18986692.140323743,""base"":7578.43,""quote"":562.87}",0.06845,1589.18,1588.4,ETH
181,bsc,0x670f55c6284c629c23baE99F585e3f17E8b9FC31,WBNB,0xbb4CdB9CBd36B01bD1cBaEBF2De08d9173bc095c,BUSD,0xe9e7CEA3DedcA5984780Bafc599bD69ADd087D56,0x6AF4C4433474B2F8BA385AD62B23299c82846783,"{""usd"":104414.01781688118,""base"":204.02,""quote"":52207}",312.214,312.21,312.7,BNB
182,bsc,0xC2D8d27F3196D9989aBf366230a47384010440c0,WBNB,0xbb4CdB9CBd36B01bD1cBaEBF2De08d9173bc095c,BUSD,0xe9e7CEA3DedcA5984780Bafc599bD69ADd087D56,0x693d208D53fE2B3a0920530bA48635f050dc2fCa,"{""usd"":142544.32612284253,""base"":278.28,""quote"":71272}",311.0769,311.07,312.7,BNB
183,arbitrum,swapfish,WETH,0x82aF49447D8a07e3bd95BD0d56f35241523fBab1,USDC,0xFF970A61A04b1cA14834A43f5dE4533eBDDB5CC8,0x8Bc2Cd9DAB840231A0Dab5B747b8A6085c4eA459,"{""usd"":852985.626058,""base"":342.61,""quote"":426493}",1594.5138,1594.51,1588.4,ETH
184,canto,slingshotfinance,ETH,0x5FD55A1B9FC24967C4dB09C513C3BA0DFa7FF687,WCANTO,0x826551890Dc65655a0Aceca109aB11AbDbD7a07B,0x216400ba362d8FCE640085755e47075109718C8B,"{""usd"":3756307,""base"":1507,""quote"":18400110}",4032.9558,1587.99,1588.4,ETH
185,arbitrum,kyberswap,WBTC,0x2f2a2543B76A4166549F7aaB2e75Bef0aefC5B0f,WETH,0x82aF49447D8a07e3bd95BD0d56f35241523fBab1,0x2a83E1aa650b364Ac88b39f1F67A34abCca8e6F2,"{""usd"":239836.13995917267,""base"":23.98,""quote"":96.29}",14.5182,23017.27,23110.84,BTC
186,cronos,candycity,WETH,0xe44Fd7fCb2b1581822D0c862B68222998a0c299a,WCRO,0x5C7F8A570d578ED84E63fdFA7b1eE72dEae1AE23,0x27367196F4674d3afB871250E67adf2EcaEDF4bc,"{""usd"":60809,""base"":24.32,""quote"":518117}",20093.0735,1588.31,1588.4,ETH
187,ethereum,swapr,WETH,0xC02aaA39b223FE8D0A0e5C4F27eAD9083C756Cc2,DAI,0x6B175474E89094C44Da98b954EedeAC495271d0F,0x7515Be43D16f871588ADc135d58a9c30A71Eb34F,"{""usd"":687891,""base"":274.9,""quote"":343946}",1585.9173,1585.91,1588.4,ETH
188,bsc,babyswap,ETH,0x2170Ed0880ac9A755fd29B2688956BD959F933F8,WBNB,0xbb4CdB9CBd36B01bD1cBaEBF2De08d9173bc095c,0x12C69cbebb5AeD7C85A01bc2206318fB6c03E940,"{""usd"":575949.2663482998,""base"":231.26,""quote"":1125.42}",5.0835,1583.41,1588.4,ETH
189,bsc,0x97bCD9BB482144291D77ee53bFa99317A82066E8,WBNB,0xbb4CdB9CBd36B01bD1cBaEBF2De08d9173bc095c,USDT,0x55d398326f99059fF775485246999027B3197955,0x3dafe6213fbdE2f74e7D5Be443d5d2AA258d74C7,"{""usd"":158908.2889044351,""base"":309.94,""quote"":79454}",312.4673,312.46,312.7,BNB
190,ethereum,sushiswap,LINK,0x514910771AF9Ca656af840dff83E8264EcF986CA,WETH,0xC02aaA39b223FE8D0A0e5C4F27eAD9083C756Cc2,0xC40D16476380e4037e6b1A2594cAF6a6cc8Da967,"{""usd"":1643575,""base"":146299,""quote"":657.8}",0.004405,6.92,6.988,LINK
191,bsc,niob,WBNB,0xbb4CdB9CBd36B01bD1cBaEBF2De08d9173bc095c,BUSD,0xe9e7CEA3DedcA5984780Bafc599bD69ADd087D56,0xE2466652a46e47Fa278Be0A2ad8dce7c8445bE41,"{""usd"":107800.6248339071,""base"":210.01,""quote"":53900}",312.7133,312.71,312.7,BNB
192,polygon,quickswap,AVAX,0x2C89bbc92BD86F8075d1DEcc58C7F4E0107f286b,WMATIC,0x0d500B1d8E8eF31E21C99d1Db9A6444d3ADf1270,0xEb477AE74774b697B5D515eF8ca09e24FEe413b5,"{""usd"":79657.74870600973,""base"":3457.74,""quote"":51379}",17.8991,19.96,19.97,AVAX
193,metis,tethys,WETH,0x420000000000000000000000000000000000000A,Metis,0xDeadDeAddeAddEAddeadDEaDDEAdDeaDDeAD0000,0xEE5adB5b0DfC51029Aca5Ad4Bc684Ad676b307F7,"{""usd"":233346,""base"":93.71,""quote"":6970}",45.4879,1589.97,1588.4,ETH
194,aptos,aux,WBTC,0xae478ff7d83ed072dbc5e264250e67ef58f57c99d89b447efd8a0a2e8b2be76e::coin::T,USDC,0x5e156f1207d0ebfa19a9eeff00d62a282278fb8719f4fab3a586a0a2c0fffbea::coin::T,aux-0xae478ff7d83ed072dbc5e264250e67ef58f57c99d89b447efd8a0a2e8b2be76e-coin-t-0x5e156f1207d0ebfa19a9eeff00d62a282278fb8719f4fab3a586a0a2c0fffbea-coin-t,"{""usd"":1966510,""base"":58.61,""quote"":983255}",23103.5514,23103.55,23110.84,BTC
195,bsc,0x940BEb635cbEeC04720AC97FADb97205676e6aa4,WBNB,0xbb4CdB9CBd36B01bD1cBaEBF2De08d9173bc095c,BUSD,0xe9e7CEA3DedcA5984780Bafc599bD69ADd087D56,0x30b4a9a0A4Be2129F9153029506F3Bc3176fe225,"{""usd"":96644.57047368001,""base"":188.19,""quote"":48322}",309.4231,309.42,312.7,BNB
196,moonbeam,beamswap,ETH,0xfA9343C3897324496A05fC75abeD6bAC29f8A40f,USDC,0x818ec0A7Fe18Ff94269904fCED6AE3DaE6d6dC0b,0x6BA3071760d46040FB4dc7B627C9f68efAca3000,"{""usd"":230338,""base"":92.38,""quote"":115169}",1574.8832,1574.88,1588.4,ETH
197,ethereum,sushiswap,CRV,0xD533a949740bb3306d119CC777fa900bA034cd52,WETH,0xC02aaA39b223FE8D0A0e5C4F27eAD9083C756Cc2,0x58Dc5a51fE44589BEb22E8CE67720B5BC5378009,"{""usd"":307846,""base"":287930,""quote"":123.2}",0.0006366,1.0,1.02,CRV
198,polygon,mmfinance,WBTC,0x1BFD67037B42Cf73acF2047067bd4F2C47D9BfD6,USDC,0x2791Bca1f2de4661ED88A30C99A7a9449Aa84174,0x1aEc8fF1C39c34338327A32bBb35011432614172,"{""usd"":116977.996286,""base"":3.49,""quote"":58489}",23128.4441,23128.44,23110.84,BTC
199,bsc,0xC3187EB9AB08eB845A12dA6A93c3Ab8655c5AF80,WBNB,0xbb4CdB9CBd36B01bD1cBaEBF2De08d9173bc095c,BUSD,0xe9e7CEA3DedcA5984780Bafc599bD69ADd087D56,0x7C98e8EAf41c15Ef87267400E15e6c134130e185,"{""usd"":72849.18866992282,""base"":141.95,""quote"":36425}",311.2275,311.22,312.7,BNB
200,osmosis,osmosis,WETH,ibc/EA1D43981D5C9A1C4AAEA9C23BB1D4FA126BA9BC7020A25E0AE4AA841EA25DC5,OSMO,uosmo,704,"{""usd"":12109428,""base"":4862,""quote"":8526242}",1628.9214,1583.32,1588.4,ETH
201,bsc,pancakeswap,MATIC,0xCC42724C6683B7E57334c4E856f4c9965ED682bD,WBNB,0xbb4CdB9CBd36B01bD1cBaEBF2De08d9173bc095c,0x5AcB99428a29092555dCDc00e4565B05272a3B2B,"{""usd"":183904.30987035212,""base"":118875,""quote"":358.95}",0.003565,1.11,1.11,MATIC
202,cronos,vvsfinance,WBTC,0x062E66477Faf219F25D27dCED647BF57C3107d52,WCRO,0x5C7F8A570d578ED84E63fdFA7b1eE72dEae1AE23,0x8F09fFf247B8fDB80461E5Cf5E82dD1aE2EBd6d7,"{""usd"":2855530,""base"":85.05,""quote"":24278062}",291681.7763,23081.59,23110.84,BTC
203,fantom,spookyswap,BNB,0xD67de0e0a0Fd7b15dC8348Bb9BE742F3c5850454,WFTM,0x21be370D5312f44cB42ce377BC9b8a0cEF1A4C83,0x956DE13EA0FA5b577E4097Be837BF4aC80005820,"{""usd"":677304.8313064141,""base"":1321.21,""quote"":1561667}",617.9383,313.24,312.7,BNB
204,bsc,babyswap,BTCB,0x7130d2A12B9BCbFAe4f2634d864A1Ee1Ce3Ead9c,WBNB,0xbb4CdB9CBd36B01bD1cBaEBF2De08d9173bc095c,0x7C728d5842C22bCDf59a0E32e7C4CE3Fb2bC25C4,"{""usd"":704014.3562720565,""base"":20.97,""quote"":1374.57}",74.133,23130.95,23110.84,BTC
205,avalanche,traderjoe,WETH,0x8b82A291F83ca07Af22120ABa21632088fC92931,USDC.e,0xA7D7079b0FEaD91F3e65f86E8915Cb59c1a4C664,0xDb636857317c46B453d5AB400b278cF2dadC996E,"{""usd"":1177324,""base"":470.9,""quote"":588662}",1589.1903,1589.19,1588.4,ETH
206,bsc,knightswap,BTCB,0x7130d2A12B9BCbFAe4f2634d864A1Ee1Ce3Ead9c,WBNB,0xbb4CdB9CBd36B01bD1cBaEBF2De08d9173bc095c,0xC71201ccE9d64B7C33E40FbeC058fA14597862fE,"{""usd"":219897.240835194,""base"":6.55,""quote"":429.21}",74.0497,23125.9,23110.84,BTC
207,bsc,0xE52cCf7B6cE4817449F2E6fA7efD7B567803E4b4,BTCB,0x7130d2A12B9BCbFAe4f2634d864A1Ee1Ce3Ead9c,ORN,0xe4CA1F75ECA6214393fCE1C1b316C237664EaA8e,0x077e69289db783801B5900F680D9796D60053dEb,"{""usd"":99590.95014712894,""base"":2.97,""quote"":66166}",24582.7311,23090.33,23110.84,BTC
208,bsc,0x43eBb0cb9bD53A3Ed928Dd662095aCE1cef92D19,WBNB,0xbb4CdB9CBd36B01bD1cBaEBF2De08d9173bc095c,BUSD,0xe9e7CEA3DedcA5984780Bafc599bD69ADd087D56,0x18B8047DDd8b57F1C5Fd59bC57059E0C38e9fE09,"{""usd"":100130.16501539119,""base"":195.24,""quote"":50065}",312.736,312.73,312.7,BNB
209,bsc,nomiswap,LINK,0xF8A0BF9cF54Bb92F17374d9e9A321E6a111a51bD,USDC,0x8AC76a51cc950d9822D68b83fE1Ad97B32Cd580d,0xE7b2D08e7CD3270Df7FF804786F444434ff7E1F6,"{""usd"":61420.38556680414,""base"":5466.17,""quote"":30710}",7.0386,7.03,6.988,LINK
210,bsc,mdex,BTCB,0x7130d2A12B9BCbFAe4f2634d864A1Ee1Ce3Ead9c,USDT,0x55d398326f99059fF775485246999027B3197955,0xda28Eb7ABa389C1Ea226A420bCE04Cb565Aafb85,"{""usd"":2216555.1862662286,""base"":65.86,""quote"":1108278}",23188.9436,23188.94,23110.84,BTC
211,moonbeam,beamswap,BNB,0xc9BAA8cfdDe8E328787E29b4B078abf2DaDc2055,BUSD,0xA649325Aa7C5093d12D6F98EB4378deAe68CE23F,0x34A1F4AB3548A92C6B32cd778Eed310FcD9A340D,"{""usd"":174031,""base"":339.5,""quote"":87015}",311.4964,311.49,312.7,BNB
212,arbitrum,swapr,WETH,0x82aF49447D8a07e3bd95BD0d56f35241523fBab1,USDC,0xFF970A61A04b1cA14834A43f5dE4533eBDDB5CC8,0x403b1405d8caFFC1CC5032cC82AA135d2481d0Cf,"{""usd"":115313.244766,""base"":46.15,""quote"":57657}",1590.7578,1590.75,1588.4,ETH
213,cronos,candycity,WBTC,0x062E66477Faf219F25D27dCED647BF57C3107d52,WCRO,0x5C7F8A570d578ED84E63fdFA7b1eE72dEae1AE23,0x6C2b0cdB80DB4214E775a89125493c0f232d5891,"{""usd"":61680,""base"":1.83,""quote"":522190}",291958.3167,23067.32,23110.84,BTC
214,sxnetwork,sharkswap,WMATIC,0xfa6F64DFbad14e6883321C2f756f5B22fF658f9C,WSX,0xaa99bE3356a11eE92c3f099BD7a038399633566f,0x9e3a12f8d2ABc3e9c2814B59130bAFCBA876cEc7,"{""usd"":303918,""base"":193212,""quote"":1253933}",9.1576,1.09,1.11,MATIC
215,bsc,0xC7a506ab3ac668EAb6bF9eCf971433D6CFeF05D9,WBNB,0xbb4CdB9CBd36B01bD1cBaEBF2De08d9173bc095c,BUSD,0xe9e7CEA3DedcA5984780Bafc599bD69ADd087D56,0x60D4AC045908485FF3C21527708B34Ba41cfaeC8,"{""usd"":72710.18717622216,""base"":141.75,""quote"":36355}",311.938,311.93,312.7,BNB
216,fantom,spiritswap,CRV,0x1E4F97b9f9F913c46F1632781732927B9019C68b,WFTM,0x21be370D5312f44cB42ce377BC9b8a0cEF1A4C83,0x374C8ACb146407Ef0AE8F82BaAFcF8f4EC1708CF,"{""usd"":66410.50037529643,""base"":62747,""quote"":153425}",2.0378,1.04,1.02,CRV
217,bsc,0xB9fA84912FF2383a617d8b433E926Adf0Dd3FEa1,WBNB,0xbb4CdB9CBd36B01bD1cBaEBF2De08d9173bc095c,USDT,0x55d398326f99059fF775485246999027B3197955,0xB35513a130Ce5BcFf1154D055B21368c8822C00d,"{""usd"":154284.93433843044,""base"":300.82,""quote"":77142}",312.4669,312.46,312.7,BNB
218,polygon,sushiswap,AVAX,0x2C89bbc92BD86F8075d1DEcc58C7F4E0107f286b,WETH,0x7ceB23fD6bC0adD59E62ac25578270cFf1b9f619,0x1274De0DE2e9D9b1d0E06313c0E5EdD01CC335eF,"{""usd"":66274.81239628252,""base"":2867.65,""quote"":26.5}",0.01256,20.01,19.97,AVAX
219,cronos,croswap,WBTC,0x062E66477Faf219F25D27dCED647BF57C3107d52,USDC,0xc21223249CA28397B4B6541dfFaEcC539BfF0c59,0xD3619A0DC331B545cAc23FE648c251827054B55e,"{""usd"":65051,""base"":1.933,""quote"":32525}",22999.6814,22999.68,23110.84,BTC
220,milkomedacardano,muesliswap,ETH,0xE3F5a90F9cb311505cd691a46596599aA1A0AD7D,WADA,0xAE83571000aF4499798d1e3b0fA0070EB3A3E3F9,0xCb5d209493569545668aEfCd8020a22050800Ab7,"{""usd"":62344,""base"":24.92,""quote"":115280}",4065.9545,1590.49,1588.4,ETH
221,gnosischain,swapr,CRV,0x712b3d230F3C1c19db860d80619288b1F0BDd0Bd,GNO,0x9C58BAcC331c9aa871AFD802DB6379a98e80CEdb,0xFeDBA8b0Ccf72Ba983e5b7b5B4EE5Bc525bae339,"{""usd"":146333,""base"":137436,""quote"":851.1}",0.008954,1.01,1.02,CRV
222,bsc,0x267c07A9e658cC9c6190D4cbAF26C5c8260e5eE1,ETH,0x2170Ed0880ac9A755fd29B2688956BD959F933F8,USDT,0x55d398326f99059fF775485246999027B3197955,0x332bC1642fA4E7876AfFE940b166469Ee37E86bB,"{""usd"":132301.64105390344,""base"":52.87,""quote"":66151}",1583.0603,1583.06,1588.4,ETH
223,arbitrum,camelot,WBTC,0x2f2a2543B76A4166549F7aaB2e75Bef0aefC5B0f,WETH,0x82aF49447D8a07e3bd95BD0d56f35241523fBab1,0x96059759C6492fb4e8a9777b65f307F2C811a34F,"{""usd"":326531.0816321471,""base"":9.73,""quote"":130.93}",14.5244,23077.0,23110.84,BTC
224,arbitrum,0xD99c21C96103F36BC1FA26DD6448af4DA030c1EF,WETH,0x82aF49447D8a07e3bd95BD0d56f35241523fBab1,USDC,0xFF970A61A04b1cA14834A43f5dE4533eBDDB5CC8,0xb77a493A4950cAd1b049E222d62BCE14fF423c6F,"{""usd"":1150776.580888,""base"":460.79,""quote"":575388}",1586.3421,1586.34,1588.4,ETH
225,avalanchedfk,defikingdoms,AVAX,0xB57B60DeBDB0b8172bb6316a9164bd3C695F133a,WJEWEL,0xCCb93dABD71c8Dad03Fc4CE5559dC3D89F67a260,0xF3EabeD6Bd905e0FcD68FC3dBCd6e3A4aEE55E98,"{""usd"":511591,""base"":21979,""quote"":1344095}",72.4928,19.93,19.97,AVAX
226,osmosis,osmosis,WBTC,ibc/D1542AA8762DB13087D8364F3EA6509FD6F009A34F00426AF9E4F9FA85CBBF1F,OSMO,uosmo,712,"{""usd"":9814284,""base"":293.1,""quote"":6918564}",23684.9442,23021.34,23110.84,BTC
227,arbitrumnova,0xf6239423FcF1c19ED2791D9648A90836074242Fd,WETH,0x722E8BdD2ce80A4422E880164f2079488e115365,USDC,0x750ba8b76187092B0D1E87E28daaf484d1b5273b,0xdBA61558A49c0A836A4106502cFbe5870DAD1743,"{""usd"":206810,""base"":83.18,""quote"":103405}",1584.3839,1584.38,1588.4,ETH
228,boba,0x06350499760aa3ea20FEd2837321a84a92417f39,WETH,0xDeadDeAddeAddEAddeadDEaDDEAdDeaDDeAD0000,USDT,0x5DE1677344D3Cb0D7D465c10b72A8f60699C062d,0x434D9D0a7Ff9F95c733b0F7Fe27205252f9f91d8,"{""usd"":151100,""base"":59.81,""quote"":75133}",1577.5704,1577.57,1588.4,ETH
229,boba,oolongswap,WETH,0xDeadDeAddeAddEAddeadDEaDDEAdDeaDDeAD0000,USDT,0x5DE1677344D3Cb0D7D465c10b72A8f60699C062d,0x232130D2802c283eb870586cAB8eE49F8Ea0B181,"{""usd"":80018,""base"":31.48,""quote"":40009}",1585.6474,1585.64,1588.4,ETH
230,polygon,balancer,CRV,0x172370d5Cd63279eFa6d502DAB29171933a610AF,TEL,0xdF7837DE1F2Fa4631D716CF2502f8b230F1dcc32,0xfa73e062497b0cbd5012385a08d9616ca5bd9ee900020000000000000000047b-0x172370d5Cd63279eFa6d502DAB29171933a610AF-0xdF7837DE1F2Fa4631D716CF2502f8b230F1dcc32,"{""usd"":121979,""base"":45653,""quote"":50555615}",457.824,1.02,1.02,CRV
231,ethereum,sushiswap,WBTC,0x2260FAC5E5542a773Aa44fBCfeDf7C193bc2C599,WETH,0xC02aaA39b223FE8D0A0e5C4F27eAD9083C756Cc2,0xCEfF51756c56CeFFCA006cD410B03FFC46dd3a58,"{""usd"":14297314,""base"":426.1,""quote"":5723}",14.5566,23162.04,23110.84,BTC
232,bsc,bakeryswap,ETH,0x2170Ed0880ac9A755fd29B2688956BD959F933F8,WBNB,0xbb4CdB9CBd36B01bD1cBaEBF2De08d9173bc095c,0xa50b9c5DB61C855D5939aa1a66B26Df77745809b,"{""usd"":156239.11627347802,""base"":62.62,""quote"":304.77}",5.0636,1586.9,1588.4,ETH
233,ethereum,balancer,WETH,0xC02aaA39b223FE8D0A0e5C4F27eAD9083C756Cc2,USDC,0xA0b86991c6218b36c1d19D4a2e9Eb0cE3606eB48,0x96646936b91d6b9d7d0c47c496afbf3d6ec7b6f8000200000000000000000019-0xA0b86991c6218b36c1d19D4a2e9Eb0cE3606eB48-0xC02aaA39b223FE8D0A0e5C4F27eAD9083C756Cc2,"{""usd"":2097087,""base"":837.7,""quote"":1048543}",1590.1407,1590.14,1588.4,ETH
234,ethereum,pancakeswap,WBTC,0x2260FAC5E5542a773Aa44fBCfeDf7C193bc2C599,WETH,0xC02aaA39b223FE8D0A0e5C4F27eAD9083C756Cc2,0x4AB6702B3Ed3877e9b1f203f90cbEF13d663B0e8,"{""usd"":3954809,""base"":117.6,""quote"":1583}",14.5308,23040.22,23110.84,BTC
235,ethereum,verse,WETH,0xC02aaA39b223FE8D0A0e5C4F27eAD9083C756Cc2,USDC,0xA0b86991c6218b36c1d19D4a2e9Eb0cE3606eB48,0x6E1fbeeABA87BAe1100d95f8340dc27aD7C8427b,"{""usd"":249172,""base"":99.58,""quote"":124586}",1582.879,1582.87,1588.4,ETH
236,bsc,0x79C342FddBBF376cA6B4EFAc7aaA457D6063F8Cb,WBNB,0xbb4CdB9CBd36B01bD1cBaEBF2De08d9173bc095c,BUSD,0xe9e7CEA3DedcA5984780Bafc599bD69ADd087D56,0xc0256bD8155A53e832fe79459327aE114Edd8Fc9,"{""usd"":120933.11659530722,""base"":235.84,""quote"":60467}",311.6126,311.61,312.7,BNB
237,arbitrum,balancer,WBTC,0x2f2a2543B76A4166549F7aaB2e75Bef0aefC5B0f,WETH,0x82aF49447D8a07e3bd95BD0d56f35241523fBab1,0x64541216bafffeec8ea535bb71fbc927831d0595000100000000000000000002-0x2f2a2543B76A4166549F7aaB2e75Bef0aefC5B0f-0x82aF49447D8a07e3bd95BD0d56f35241523fBab1,"{""usd"":1816121,""base"":54.09,""quote"":728.1}",14.5049,23004.21,23110.84,BTC
238,celo,ubeswap,WBTC,0xBAAB46E28388d2779e6E31Fd00cF0e5Ad95E327B,mCUSD,0x918146359264C492BD6934071c6Bd31C854EDBc3,0x0448E99ab5f8230713a9f5D7E64eC2aB6e5952a3,"{""usd"":85786.95426266249,""base"":2.57,""quote"":42893}",23150.7172,23150.71,23110.84,BTC
239,bsc,knightswap,ETH,0x2170Ed0880ac9A755fd29B2688956BD959F933F8,WBNB,0xbb4CdB9CBd36B01bD1cBaEBF2De08d9173bc095c,0x0ddF35e107b6014B5577e87e3BBCECa74df3e09A,"{""usd"":169442.10207531258,""base"":70.04,""quote"":340.69}",5.0793,1581.49,1588.4,ETH
240,bsc,0x1c3E50DBBCd05831c3A695d45D2b5bCD691AD8D8,WBNB,0xbb4CdB9CBd36B01bD1cBaEBF2De08d9173bc095c,BUSD,0xe9e7CEA3DedcA5984780Bafc599bD69ADd087D56,0x84Fe65e20c1Bb96F7c6f317c09de85Ba99114B73,"{""usd"":161940.6106252881,""base"":316.25,""quote"":80970}",312.1413,312.14,312.7,BNB
241,moonbeam,stellaswap,WETH,0xab3f0245B83feB11d15AAffeFD7AD465a59817eD,WGLMR,0xAcc15dC74880C9944775448304B263D191c6077F,0x8577273FB3B72306F3A59E26ab77116f5D428DAa,"{""usd"":3351211,""base"":1340,""quote"":5276379}",3569.3817,1596.2,1588.4,ETH
242,fantom,spookyswap,LINK,0xb3654dc3D10Ea7645f8319668E8F54d2574FBdC8,WFTM,0x21be370D5312f44cB42ce377BC9b8a0cEF1A4C83,0x89d9bC2F2d091CfBFc31e333D6Dc555dDBc2fd29,"{""usd"":1366549.9626162543,""base"":121127,""quote"":3147333}",13.9454,7.07,6.988,LINK
243,celo,uniswap,WETH,0x66803FB87aBd4aaC3cbB3fAd7C3aa01f6F3FB207,CELO,0x471EcE3750Da237f93B8E339c536989b8978a438,0xd88D5F9E6c10E6FebC9296A454f6C2589b1E8fAE,"{""usd"":52605.14752527747,""base"":10.5,""quote"":53987}",2217.8876,1608.11,1588.4,ETH
244,bsc,0x738B815eaDD06E0041b52B0C9d4F0d0D277B24bA,UNI,0xBf5140A22578168FD562DCcF235E5D43A02ce9B1,USDT,0x55d398326f99059fF775485246999027B3197955,0x3BDC723F97CA80262c0D3620076b0E9d0Ef2B6dA,"{""usd"":169125.9651082683,""base"":15875,""quote"":84563}",6.5467,6.54,6.592,UNI
245,arbitrum,swapfish,WBTC,0x2f2a2543B76A4166549F7aaB2e75Bef0aefC5B0f,WETH,0x82aF49447D8a07e3bd95BD0d56f35241523fBab1,0xf7C6FFA90E8f240481234fb3fe9E8F60df74ED87,"{""usd"":1356283.9152901848,""base"":40.34,""quote"":543.02}",14.5566,23048.54,23110.84,BTC
246,optimism,uniswap,LINK,0x350a791Bfc2C21F9Ed5d10980Dad2e2638ffa7f6,ETH,0x4200000000000000000000000000000000000006,0x19EA026886cbB7A900EcB2458636d72b5CaE223B,"{""usd"":164405,""base"":24448,""quote"":21.1}",0.004387,6.9,6.988,LINK
247,optimism,uniswap,UNI,0x6fd9d7AD17242c41f7131d257212c54A0e816691,ETH,0x4200000000000000000000000000000000000006,0xAD4c666fC170B468B19988959eb931a3676f0e9F,"{""usd"":245073,""base"":34222,""quote"":49.76}",0.004141,6.55,6.592,UNI
248,avalanche,traderjoe,CRV,0x47536F17F4fF30e64A96a7555826b8f9e66ec468,WAVAX,0xB31f66AA3C1e785363F0875A1B74E27b85FD66c7,0x78dA10824F4029Adfb79669c4bd4F1962d08a0Bb,"{""usd"":148585,""base"":137746,""quote"":6337}",0.0514,1.02,1.02,CRV
249,bsc,planetfinance,BTCB,0x7130d2A12B9BCbFAe4f2634d864A1Ee1Ce3Ead9c,WBNB,0xbb4CdB9CBd36B01bD1cBaEBF2De08d9173bc095c,0x4c4f18da91063F1c34a9396B2d97e95b163F2b0c,"{""usd"":255650.7129234156,""base"":7.6,""quote"":498.99}",74.1629,23157.68,23110.84,BTC
250,polygon,balancer,AVAX,0x2C89bbc92BD86F8075d1DEcc58C7F4E0107f286b,WETH,0x7ceB23fD6bC0adD59E62ac25578270cFf1b9f619,0x7c9cf12d783821d5c63d8e9427af5c44bad92445000100000000000000000051-0x2C89bbc92BD86F8075d1DEcc58C7F4E0107f286b-0x7ceB23fD6bC0adD59E62ac25578270cFf1b9f619,"{""usd"":64968,""base"":2797,""quote"":25.89}",0.01258,19.98,19.97,AVAX
251,aurora,polaris,WETH,0xC9BdeEd33CD01541e1eeD10f90519d2C06Fe3feB,USDC.e,0xB12BFcA5A55806AaF64E99521918A4bf0fC40802,0x9cd44e44e8a61bc7dc34b04c762a3c0137a3707c000200000000000000000002-0xB12BFcA5A55806AaF64E99521918A4bf0fC40802-0xC9BdeEd33CD01541e1eeD10f90519d2C06Fe3feB,"{""usd"":137911,""base"":55.32,""quote"":68955}",1589.1759,1589.17,1588.4,ETH
252,telos,0x411172Dfcd5f68307656A1ff35520841C2F7fAec,ETH,0xfA9343C3897324496A05fC75abeD6bAC29f8A40f,WTLOS,0xD102cE6A4dB07D247fcc28F366A623Df0938CA9E,0xCfd8505E3c79D777AF2CA3B5507B64480645f516,"{""usd"":361836,""base"":146.7,""quote"":1552694}",10795.5562,1578.03,1588.4,ETH
253,conflux,swappi,BNB,0x94bd7A37d2cE24cC597E158fACaa8d601083ffeC,WCFX,0x14b2D3bC65e74DAE1030EAFd8ac30c533c976A9b,0x8A61e6cd8eEb564FF66459a2614cE98177F48Ca9,"{""usd"":128652,""base"":250.8,""quote"":2851597}",5631.0488,313.27,312.7,BNB
254,bsc,pancakeswap,UNI,0x73b3B1b2cACAB92963144277458E2E9851517022,USDT,0x55d398326f99059fF775485246999027B3197955,0x17397bB571918906A175C148Bc7A7c8A90FC9f65,"{""usd"":663259.1763918926,""base"":777070,""quote"":331630}",0.3727,0.3727,6.592,UNI
255,bsc,pandora,WBNB,0xbb4CdB9CBd36B01bD1cBaEBF2De08d9173bc095c,BUSD,0xe9e7CEA3DedcA5984780Bafc599bD69ADd087D56,0xac84ff369F5615bd70152b2B286e2B4591E889E9,"{""usd"":210878.73615473162,""base"":411.68,""quote"":105439}",312.3559,312.35,312.7,BNB
256,polygon,balancer,UNI,0xb33EaAd8d922B1083446DC23f610c2567fB5180f,TEL,0xdF7837DE1F2Fa4631D716CF2502f8b230F1dcc32,0x77215a7e8a8d427d25660414788d2c58dd56898900020000000000000000047c-0xb33EaAd8d922B1083446DC23f610c2567fB5180f-0xdF7837DE1F2Fa4631D716CF2502f8b230F1dcc32,"{""usd"":155580,""base"":5833,""quote"":64440515}",2911.5289,6.57,6.592,UNI
257,polygon,uniswap,CRV,0x172370d5Cd63279eFa6d502DAB29171933a610AF,WMATIC,0x0d500B1d8E8eF31E21C99d1Db9A6444d3ADf1270,0x4D05f2A005e6F36633778416764E82d1D12E7fbb,"{""usd"":196256,""base"":251669,""quote"":80547}",0.924,1.02,1.02,CRV
258,arbitrum,traderjoe,WETH,0x82aF49447D8a07e3bd95BD0d56f35241523fBab1,USDC,0xFF970A61A04b1cA14834A43f5dE4533eBDDB5CC8,0x7eC3717f70894F6d9BA0be00774610394Ce006eE,"{""usd"":404157,""base"":110.4,""quote"":266287}",1588.3825,1588.38,1588.4,ETH
259,heco,mdex,BNB,0x4F99d10e16972FF2FE315EEe53A95FC5A5870CE3,WHT,0x5545153CCFcA01fbd7Dd11C0b23ba694D9509A6F,0x76BD054865C8B43d3433B51B29C7fC87F88BB1d2,"{""usd"":103436.86342858117,""base"":200.36,""quote"":11397}",61.0446,314.52,312.7,BNB
260,arbitrum,uniswap,LINK,0xf97f4df75117a78c1A5a0DBb814Af92458539FB4,WETH,0x82aF49447D8a07e3bd95BD0d56f35241523fBab1,0x468b88941e7Cc0B88c1869d68ab6b570bCEF62Ff,"{""usd"":915180,""base"":134841,""quote"":126.44}",0.004416,7.01,6.988,LINK
261,avalanche,pangolin,ETH,0xf20d962a6c8f70c731bd838a3a388D7d48fA6e15,WAVAX,0xB31f66AA3C1e785363F0875A1B74E27b85FD66c7,0x1aCf1583bEBdCA21C8025E172D8E8f2817343d65,"{""usd"":110046,""base"":42.44,""quote"":4662}",97.0602,1937.63,1588.4,ETH
262,energi,energiswap,ETH,0x78B050d981d7f6E019Bf6E361D0d1167de6B19dA,WNRG,0xA55F26319462355474A9F2c8790860776a329aA4,0xb8477E82CbFB664B465979A7819b7F640880277c,"{""usd"":53274,""base"":23.58,""quote"":142362}",7447.0181,1589.81,1588.4,ETH
263,cronos,croswap,WETH,0xe44Fd7fCb2b1581822D0c862B68222998a0c299a,USDC,0xc21223249CA28397B4B6541dfFaEcC539BfF0c59,0x41D9171Ca989C16dB8243D340c0A486408Ab28B1,"{""usd"":52167,""base"":20.81,""quote"":26084}",1585.2947,1585.29,1588.4,ETH
264,cronos,cronaswap,WBTC,0x062E66477Faf219F25D27dCED647BF57C3107d52,WETH,0xe44Fd7fCb2b1581822D0c862B68222998a0c299a,0x285a569EDD6210a0410883d2E29471A6B0c7790d,"{""usd"":171974,""base"":5.185,""quote"":69.44}",14.487,23009.19,23110.84,BTC
265,gnosischain,swapr,WBTC,0x8e5bBbb09Ed1ebdE8674Cda39A0c169401db4252,WETH,0x6A023CCd1ff6F2045C3309768eAd9E68F978f6e1,0xf6Be7AD58F4BAA454666b0027839a01BcD721Ac3,"{""usd"":189442,""base"":5.642,""quote"":75.87}",14.5311,23109.49,23110.84,BTC
266,ethereum,sushiswap,UNI,0x1f9840a85d5aF5bf1D1762F925BDADdC4201F984,WETH,0xC02aaA39b223FE8D0A0e5C4F27eAD9083C756Cc2,0xDafd66636E2561b0284EDdE37e42d192F2844D40,"{""usd"":204554,""base"":19204,""quote"":81.87}",0.004132,6.49,6.592,UNI
267,telos,zappy,MATIC,0x332730a4F6E03D9C55829435f10360E13cfA41Ff,WTLOS,0xD102cE6A4dB07D247fcc28F366A623Df0938CA9E,0x06754b2a38782AA5c9B071Dc70A5C49457C7eBD1,"{""usd"":63134,""base"":40662,""quote"":270918}",7.511,1.09,1.11,MATIC
268,arbitrum,camelot,WETH,0x82aF49447D8a07e3bd95BD0d56f35241523fBab1,USDC,0xFF970A61A04b1cA14834A43f5dE4533eBDDB5CC8,0x84652bb2539513BAf36e225c930Fdd8eaa63CE27,"{""usd"":2820659.368292,""base"":1129.26,""quote"":1410330}",1589.3064,1589.3,1588.4,ETH
269,ethereum,shibaswap,WBTC,0x2260FAC5E5542a773Aa44fBCfeDf7C193bc2C599,WETH,0xC02aaA39b223FE8D0A0e5C4F27eAD9083C756Cc2,0x86cccdA3799A43fBCeB4cEc6Ad8b028f5bF8B3dD,"{""usd"":255593,""base"":7.598,""quote"":102}",14.5646,22618.51,23110.84,BTC
270,bsc,0x71539D09D3890195dDa87A6198B98B75211b72F3,ETH,0x2170Ed0880ac9A755fd29B2688956BD959F933F8,WBNB,0xbb4CdB9CBd36B01bD1cBaEBF2De08d9173bc095c,0x5724868E5438A2C96C9B7E5b61e767750B3E7507,"{""usd"":724971.1143526238,""base"":290.22,""quote"":1415.73}",5.0675,1576.62,1588.4,ETH
271,bsc,babydogeswap,BTCB,0x7130d2A12B9BCbFAe4f2634d864A1Ee1Ce3Ead9c,WBNB,0xbb4CdB9CBd36B01bD1cBaEBF2De08d9173bc095c,0x75762a2122E368218Fc35b1E4cB83961C33461C8,"{""usd"":1538045.8000417382,""base"":45.83,""quote"":2999.45}",74.1026,23145.41,23110.84,BTC
272,syscoin,pegasys,ETH,0x7C598c96D02398d89FbCb9d41Eab3DF0C16F227D,WSYS,0xd3e822f3ef011Ca5f17D82C956D952D8d7C3A1BB,0x1cF22F868D15d4Eed8EddFA8c9C0b88C24B3e0b0,"{""usd"":94171,""base"":37.83,""quote"":463787}",9714.8582,1586.01,1588.4,ETH
273,bsc,babydogeswap,ETH,0x2170Ed0880ac9A755fd29B2688956BD959F933F8,WBNB,0xbb4CdB9CBd36B01bD1cBaEBF2De08d9173bc095c,0xdB81B16D052c4553bEa9d7F25691E42990B021DB,"{""usd"":1634221.1612536358,""base"":652.02,""quote"":3170.6}",5.0977,1588.51,1588.4,ETH
274,dogechain,yodeswap,BNB,0xA649325Aa7C5093d12D6F98EB4378deAe68CE23F,BUSD,0x332730a4F6E03D9C55829435f10360E13cfA41Ff,0xF4887cEf251E6BAfed9478f115B92aebA81d88F7,"{""usd"":50999,""base"":98.82,""quote"":25500}",310.0952,310.09,312.7,BNB
275,polygon,sushiswap,CRV,0x172370d5Cd63279eFa6d502DAB29171933a610AF,WETH,0x7ceB23fD6bC0adD59E62ac25578270cFf1b9f619,0x396E655C309676cAF0acf4607a868e0CDed876dB,"{""usd"":224107.41579870525,""base"":210160,""quote"":89.63}",0.0006454,1.02,1.02,CRV
276,syscoin,pegasys,WBTC,0xc9BAA8cfdDe8E328787E29b4B078abf2DaDc2055,WSYS,0xd3e822f3ef011Ca5f17D82C956D952D8d7C3A1BB,0xB881304fCd792062732Da050828f74D285BbF078,"{""usd"":73215,""base"":2.229,""quote"":360584}",140614.8206,22595.03,23110.84,BTC
277,ethereum,balancer,UNI,0x1f9840a85d5aF5bf1D1762F925BDADdC4201F984,WETH,0xC02aaA39b223FE8D0A0e5C4F27eAD9083C756Cc2,0x6df50e37a6aefb9024a7284ef1c9e1e8e7c4f7b80001000000000000000002e7-0x1f9840a85d5aF5bf1D1762F925BDADdC4201F984-0xC02aaA39b223FE8D0A0e5C4F27eAD9083C756Cc2,"{""usd"":284802,""base"":26697,""quote"":114}",0.004141,6.58,6.592,UNI
278,bsc,0x1c3E50DBBCd05831c3A695d45D2b5bCD691AD8D8,ETH,0x2170Ed0880ac9A755fd29B2688956BD959F933F8,BUSD,0xe9e7CEA3DedcA5984780Bafc599bD69ADd087D56,0x47d941611Ac667CB7eaC2a2e1fd5848C8C15Bfd8,"{""usd"":94778.8890173502,""base"":37.87,""quote"":47389}",1583.043,1583.04,1588.4,ETH
279,arbitrum,oreoswap,WBTC,0x2f2a2543B76A4166549F7aaB2e75Bef0aefC5B0f,WETH,0x82aF49447D8a07e3bd95BD0d56f35241523fBab1,0x4eB977551E6F8A3A585c130F6E2A15e4080d7456,"{""usd"":130874.05774593912,""base"":3.9,""quote"":52.46}",14.5098,22793.33,23110.84,BTC
280,moonbeam,stellaswap,WBTC,0xE57eBd2d67B462E9926e04a8e33f01cD0D64346D,WGLMR,0xAcc15dC74880C9944775448304B263D191c6077F,0xf8f5E8B9Ee84664695B14862212D8092E16331F6,"{""usd"":3518759,""base"":104.6,""quote"":5540178}",51851.9335,23187.81,23110.84,BTC
281,fantom,beethovenx,BNB,0xD67de0e0a0Fd7b15dC8348Bb9BE742F3c5850454,WFTM,0x21be370D5312f44cB42ce377BC9b8a0cEF1A4C83,0x0e41768de15cccc1715fe8aefb6f948349427c140001000000000000000005b9-0x21be370D5312f44cB42ce377BC9b8a0cEF1A4C83-0xD67de0e0a0Fd7b15dC8348Bb9BE742F3c5850454,"{""usd"":98241,""base"":230.5,""quote"":181612}",621.0703,314.83,312.7,BNB
282,telos,sushiswap,BNB,0x2C78f1b70Ccf63CDEe49F9233e9fAa99D43AA07e,WTLOS,0xD102cE6A4dB07D247fcc28F366A623Df0938CA9E,0xC0142B087903cC70f486544d1A416182A24B49b5,"{""usd"":53205,""base"":105.5,""quote"":227889}",2104.01,306.13,312.7,BNB
283,ethereum,defiswap,LINK,0x514910771AF9Ca656af840dff83E8264EcF986CA,WETH,0xC02aaA39b223FE8D0A0e5C4F27eAD9083C756Cc2,0x8B59bE2fC6Fccc2256Cc4841843A13ce29DA16bd,"{""usd"":76310,""base"":6753,""quote"":30.47}",0.004399,6.91,6.988,LINK
284,bsc,0x3657952d7bA5A0A4799809b5B6fdfF9ec5B46293,BTCB,0x7130d2A12B9BCbFAe4f2634d864A1Ee1Ce3Ead9c,WBNB,0xbb4CdB9CBd36B01bD1cBaEBF2De08d9173bc095c,0x1b1675A97b2f62B568569ebD349E88A04DdE8586,"{""usd"":54719.99366387099,""base"":1.63,""quote"":106.86}",73.9563,23103.3,23110.84,BTC
285,bsc,0x738B815eaDD06E0041b52B0C9d4F0d0D277B24bA,ETH,0x2170Ed0880ac9A755fd29B2688956BD959F933F8,BTCB,0x7130d2A12B9BCbFAe4f2634d864A1Ee1Ce3Ead9c,0x407fb6B2Ac60E5882Ede4Aa7CC0c5f848eB0bdB1,"{""usd"":1021569.5972480398,""base"":409.28,""quote"":30.45}",0.06883,1572.47,1588.4,ETH
286,osmosis,osmosis,WMATIC,ibc/AB589511ED0DD5FA56171A39978AFBF1371DB986EC1C3526CE138A16377E39BB,OSMO,uosmo,789,"{""usd"":318613,""base"":205932,""quote"":224345}",1.142,1.11,1.11,MATIC
287,polygon,kyberswap,WBTC,0x1BFD67037B42Cf73acF2047067bd4F2C47D9BfD6,WETH,0x7ceB23fD6bC0adD59E62ac25578270cFf1b9f619,0xea698cfB2e18415C1e7a7B4642d30b88105b115a,"{""usd"":693898.8875285179,""base"":28.74,""quote"":278.33}",14.5287,23091.36,23110.84,BTC
288,sxnetwork,sharkswap,WETH,0xA173954Cc4b1810C0dBdb007522ADbC182DaB380,USDC,0xe2aa35C2039Bd0Ff196A6Ef99523CC0D3972ae3e,0xeFdfed099D11B62A83e0015d766DC4e31bAEA06f,"{""usd"":433873,""base"":174.4,""quote"":216937}",1572.3693,1572.36,1588.4,ETH
289,polygon,polycat,WBTC,0x1BFD67037B42Cf73acF2047067bd4F2C47D9BfD6,WETH,0x7ceB23fD6bC0adD59E62ac25578270cFf1b9f619,0xbbBd54c1CD649288d2e584917778eEccD8D8254d,"{""usd"":61191.54516623691,""base"":1.82,""quote"":24.48}",14.5333,22611.63,23110.84,BTC
290,klaytn,defikingdoms,AVAX,0xCd8fE44A29Db9159dB36f96570d7A4d91986f528,JEWEL,0x30C103f8f5A3A732DFe2dCE1Cc9446f545527b43,0x6CE5bb25A4E7aBF7214309F7b8D7cceCEF60867E,"{""usd"":675088,""base"":29100,""quote"":1729591}",71.9846,19.95,19.97,AVAX
291,ethereum,stepn,WETH,0xC02aaA39b223FE8D0A0e5C4F27eAD9083C756Cc2,USDC,0xA0b86991c6218b36c1d19D4a2e9Eb0cE3606eB48,0x9c2DC3D5ffcEcF61312C5F4C00660695B32fB3D1,"{""usd"":1056261,""base"":420.5,""quote"":528131}",1576.5416,1576.54,1588.4,ETH
292,oasisemerald,yuzuswap,WBTC,0x5D9ab5522c64E1F6ef5e3627ECCc093f56167818,wROSE,0x21C718C22D52d0F3a789b752D4c2fD5908a8A733,0x0487F746B01A663108E7c4E5739F282491a45799,"{""usd"":96697,""base"":2.882,""quote"":1333833}",431719.2745,22629.46,23110.84,BTC
293,gnosischain,sushiswap,WBTC,0x8e5bBbb09Ed1ebdE8674Cda39A0c169401db4252,WETH,0x6A023CCd1ff6F2045C3309768eAd9E68F978f6e1,0xe21F631f47bFB2bC53ED134E83B8cff00e0EC054,"{""usd"":220830,""base"":6.566,""quote"":88.29}",14.5229,23096.39,23110.84,BTC
294,fuse,voltagefinance,WBTC,0x33284f95ccb7B948d9D352e1439561CF83d8d00d,WETH,0xa722c13135930332Eb3d749B2F0906559D2C5b99,0x97F4F45F0172F2E20Ab284A61C8adcf5E4d04228,"{""usd"":254173.70187662414,""base"":7.57,""quote"":102.34}",14.5796,22775.18,23110.84,BTC
295,fantom,spookyswap,AVAX,0x511D35c52a3C244E7b8bd92c0C297755FbD89212,WFTM,0x21be370D5312f44cB42ce377BC9b8a0cEF1A4C83,0x5DF809e410d9CC577f0d01b4E623C567C7aD56c1,"{""usd"":415750.4136634013,""base"":18062,""quote"":961427}",39.4966,20.02,19.97,AVAX
296,bsc,knightswap,WBNB,0xbb4CdB9CBd36B01bD1cBaEBF2De08d9173bc095c,BUSD,0xe9e7CEA3DedcA5984780Bafc599bD69ADd087D56,0x28f8ED3Bb8795b11e9be8A6015aDd73ef7Cd3a14,"{""usd"":1330786.9800631048,""base"":2599.33,""quote"":665393}",311.7806,311.78,312.7,BNB
297,bsc,0xC7a506ab3ac668EAb6bF9eCf971433D6CFeF05D9,ETH,0x2170Ed0880ac9A755fd29B2688956BD959F933F8,WBNB,0xbb4CdB9CBd36B01bD1cBaEBF2De08d9173bc095c,0xF7556E0E0D9Ec4cD93fFE73A748e43e4635956cC,"{""usd"":53261.87016886911,""base"":21.37,""quote"":103.99}",5.0498,1571.29,1588.4,ETH
298,bsc,0xa82f327BBbF0667356D2935C6532d164b06cEced,WBNB,0xbb4CdB9CBd36B01bD1cBaEBF2De08d9173bc095c,BUSD,0xe9e7CEA3DedcA5984780Bafc599bD69ADd087D56,0x894ed9026de37afd9cce1e6c0be7d6b510e3ffe5000100000000000000000001-0xbb4CdB9CBd36B01bD1cBaEBF2De08d9173bc095c-0xe9e7CEA3DedcA5984780Bafc599bD69ADd087D56,"{""usd"":66726,""base"":194.7,""quote"":16682}",311.7231,311.72,312.7,BNB
